<list>
  <ProcessDefinition>
    <processDefinitionPK>
      <companyId>1</companyId>
      <processId>abertura_solicitacao_entrada_de_notas</processId>
    </processDefinitionPK>
    <processDescription>Ab. Solicitação - Entrada de Notas</processDescription>
    <instruction></instruction>
    <active>true</active>
    <publicProcess>false</publicProcess>
    <volumeId>Default</volumeId>
    <categoryId>ADM</categoryId>
    <managerEngineAllocationId>Papel</managerEngineAllocationId>
    <managerEngineAllocationConfiguration>&lt;AssignmentController&gt;&lt;Role&gt;gestor_entrada&lt;/Role&gt;&lt;/AssignmentController&gt;</managerEngineAllocationConfiguration>
    <snapshotFrequency>0</snapshotFrequency>
    <baseDay>0</baseDay>
    <baseMonth>0</baseMonth>
    <periodId>Default</periodId>
    <keyWord></keyWord>
    <uniqueCardVersion>false</uniqueCardVersion>
    <complementsLevel>1</complementsLevel>
    <notifyRequisitionerComplements>true</notifyRequisitionerComplements>
    <notifyManagerComplements>false</notifyManagerComplements>
    <notifyAuthorityComplements>true</notifyAuthorityComplements>
    <deadlineTime>91800</deadlineTime>
    <warningDeadlineTime>0</warningDeadlineTime>
  </ProcessDefinition>
  <ProcessDefinitionVersion>
    <processDefinitionVersionPK>
      <companyId>1</companyId>
      <processId>abertura_solicitacao_entrada_de_notas</processId>
      <version>53</version>
    </processDefinitionVersionPK>
    <versionDescription>Nova Versão.</versionDescription>
    <formId>610</formId>
    <editionMode>false</editionMode>
    <updateAttachmentsVersion>false</updateAttachmentsVersion>
    <controlsAttachmentsSecurity>false</controlsAttachmentsSecurity>
    <active>true</active>
    <blockedVersion>false</blockedVersion>
    <counterSign>false</counterSign>
    <processDiagram>&lt;?xml version=&quot;1.0&quot; encoding=&quot;UTF-8&quot;?&gt;
&lt;svg xmlns=&quot;http://www.w3.org/2000/svg&quot; style=&quot;stroke-dasharray:none; shape-rendering:auto; font-family:&apos;Arial&apos;; text-rendering:auto; fill-opacity:1; color-interpolation:auto; color-rendering:auto; font-size:12; fill:black; stroke:black; image-rendering:auto; stroke-miterlimit:10; stroke-linecap:square; stroke-linejoin:miter; font-style:normal; stroke-width:1; stroke-dashoffset:0; font-weight:normal; stroke-opacity:1;&quot; contentScriptType=&quot;text/ecmascript&quot; preserveAspectRatio=&quot;xMidYMid meet&quot; zoomAndPan=&quot;magnify&quot; version=&quot;1.0&quot; contentStyleType=&quot;text/css&quot; xml:xlink=&quot;http://www.w3.org/1999/xlink&quot; width=&quot;911&quot; height=&quot;707&quot;&gt;&lt;rect x=&quot;0&quot; y=&quot;0&quot; width=&quot;911&quot; height=&quot;700&quot; ry=&quot;0&quot; rx=&quot;0&quot; style=&quot;stroke:#000000; fill:#FFFFFF&quot; /&gt;&lt;rect x=&quot;30&quot; y=&quot;175&quot; width=&quot;881&quot; height=&quot;175&quot; ry=&quot;0&quot; rx=&quot;0&quot; style=&quot;stroke:#000000; fill:#D0DAAE&quot; /&gt;&lt;g componentSequence=&quot;5&quot;&gt;&lt;text x=&quot;-262&quot; y=&quot;37&quot; transform=&quot;rotate(270)&quot; text-anchor=&quot;middle&quot; style=&quot;font-weight:bold;font-size:10px;stroke:none; fill:#434343&quot;&gt;&lt;tspan dy=&quot;14&quot; x=&quot;-262&quot;&gt;Gestão Logística&lt;/tspan&gt;&lt;/text&gt;&lt;/g&gt;&lt;rect x=&quot;30&quot; y=&quot;525&quot; width=&quot;881&quot; height=&quot;175&quot; ry=&quot;0&quot; rx=&quot;0&quot; style=&quot;stroke:#000000; fill:#9FC1C6&quot; /&gt;&lt;g componentSequence=&quot;4&quot;&gt;&lt;text x=&quot;-612&quot; y=&quot;37&quot; transform=&quot;rotate(270)&quot; text-anchor=&quot;middle&quot; style=&quot;font-weight:bold;font-size:10px;stroke:none; fill:#434343&quot;&gt;&lt;tspan dy=&quot;14&quot; x=&quot;-612&quot;&gt;Solicitante&lt;/tspan&gt;&lt;/text&gt;&lt;/g&gt;&lt;rect x=&quot;30&quot; y=&quot;350&quot; width=&quot;881&quot; height=&quot;175&quot; ry=&quot;0&quot; rx=&quot;0&quot; style=&quot;stroke:#000000; fill:#82B0B7&quot; /&gt;&lt;g componentSequence=&quot;3&quot;&gt;&lt;text x=&quot;-437&quot; y=&quot;37&quot; transform=&quot;rotate(270)&quot; text-anchor=&quot;middle&quot; style=&quot;font-weight:bold;font-size:10px;stroke:none; fill:#434343&quot;&gt;&lt;tspan dy=&quot;14&quot; x=&quot;-437&quot;&gt;Entrada de notas&lt;/tspan&gt;&lt;/text&gt;&lt;/g&gt;&lt;rect x=&quot;30&quot; y=&quot;0&quot; width=&quot;881&quot; height=&quot;175&quot; ry=&quot;0&quot; rx=&quot;0&quot; style=&quot;stroke:#000000; fill:#ADC9AC&quot; /&gt;&lt;g componentSequence=&quot;2&quot;&gt;&lt;text x=&quot;-87&quot; y=&quot;37&quot; transform=&quot;rotate(270)&quot; text-anchor=&quot;middle&quot; style=&quot;font-weight:bold;font-size:10px;stroke:none; fill:#434343&quot;&gt;&lt;tspan dy=&quot;14&quot; x=&quot;-87&quot;&gt;Despesas&lt;/tspan&gt;&lt;/text&gt;&lt;/g&gt;&lt;g componentSequence=&quot;1&quot;&gt;&lt;text x=&quot;-350&quot; y=&quot;7&quot; transform=&quot;rotate(270)&quot; text-anchor=&quot;middle&quot; style=&quot;font-weight:bold;font-size:10px;stroke:none; fill:#434343&quot;&gt;&lt;tspan dy=&quot;14&quot; x=&quot;-350&quot;&gt;Ab. Solicitação - Entrada de Notas&lt;/tspan&gt;&lt;/text&gt;&lt;/g&gt;&lt;g sequence=&quot;3&quot;&gt;&lt;ellipse cx=&quot;107&quot; cy=&quot;71&quot; rx=&quot;17&quot; ry=&quot;17&quot; stroke-width=&quot;1&quot; style=&quot;fill:url(#linearGradient66FF6696FF96B6FFB6_1387498351);&quot; stroke=&quot;336633&quot; /&gt;&lt;/g&gt;&lt;g sequence=&quot;4&quot;&gt;&lt;rect x=&quot;327&quot; y=&quot;390&quot; width=&quot;106&quot; height=&quot;70&quot; ry=&quot;5&quot; rx=&quot;5&quot; style=&quot;fill:url(#linearGradientF8FBFEEDF5FCDEEDFAD4E7F8E2E5E9_1551138633);&quot; stroke=&quot;191970&quot; /&gt;&lt;/g&gt;&lt;g componentSequence=&quot;4&quot;&gt;&lt;text x=&quot;380&quot; y=&quot;405&quot; text-anchor=&quot;middle&quot; style=&quot;font-weight:bold;font-size:10px;stroke:none; fill:#333399&quot;&gt;&lt;tspan dy=&quot;14&quot; x=&quot;380&quot;&gt;Tratativa da&lt;/tspan&gt;&lt;tspan dy=&quot;14&quot; x=&quot;380&quot;&gt;solicitação&lt;/tspan&gt;&lt;/text&gt;&lt;/g&gt;&lt;g sequence=&quot;6&quot;&gt;&lt;polygon points=&quot; 483 404 513 374 543 404 513 434 483 404&quot; style=&quot;fill:url(#linearGradientFAFBFCFFFFCC_1481367583);&quot; stroke=&quot;000000&quot; /&gt;&lt;/g&gt;&lt;g componentSequence=&quot;6&quot;&gt;&lt;text x=&quot;513&quot; y=&quot;444&quot; text-anchor=&quot;middle&quot; style=&quot;font-weight:bold;font-size:10px;stroke:none; fill:#333399&quot;&gt;&lt;tspan dy=&quot;14&quot; x=&quot;513&quot;&gt;Necessá&lt;/tspan&gt;&lt;tspan dy=&quot;14&quot; x=&quot;513&quot;&gt;rio&lt;/tspan&gt;&lt;tspan dy=&quot;14&quot; x=&quot;513&quot;&gt;revi...&lt;/tspan&gt;&lt;/text&gt;&lt;/g&gt;&lt;g sequence=&quot;8&quot;&gt;&lt;rect x=&quot;640&quot; y=&quot;30&quot; width=&quot;106&quot; height=&quot;84&quot; ry=&quot;5&quot; rx=&quot;5&quot; style=&quot;fill:url(#linearGradientF8FBFEEDF5FCDEEDFAD4E7F8E2E5E9_491353458);&quot; stroke=&quot;191970&quot; /&gt;&lt;/g&gt;&lt;g componentSequence=&quot;8&quot;&gt;&lt;text x=&quot;693&quot; y=&quot;45&quot; text-anchor=&quot;middle&quot; style=&quot;font-weight:bold;font-size:10px;stroke:none; fill:#333399&quot;&gt;&lt;tspan dy=&quot;14&quot; x=&quot;693&quot;&gt;Revisar/Comple&lt;/tspan&gt;&lt;tspan dy=&quot;14&quot; x=&quot;693&quot;&gt;mentar&lt;/tspan&gt;&lt;tspan dy=&quot;14&quot; x=&quot;693&quot;&gt;informações&lt;/tspan&gt;&lt;/text&gt;&lt;/g&gt;&lt;g sequence=&quot;11&quot;&gt;&lt;ellipse cx=&quot;512&quot; cy=&quot;264&quot; rx=&quot;17&quot; ry=&quot;17&quot; stroke-width=&quot;3&quot; style=&quot;fill:url(#linearGradientFF6666FF9696FFB6B6_1399815495);&quot; stroke=&quot;993333&quot; /&gt;&lt;/g&gt;&lt;g sequence=&quot;18&quot;&gt;&lt;rect x=&quot;460&quot; y=&quot;600&quot; width=&quot;106&quot; height=&quot;84&quot; ry=&quot;5&quot; rx=&quot;5&quot; style=&quot;fill:url(#linearGradientF8FBFEEDF5FCDEEDFAD4E7F8E2E5E9_748605012);&quot; stroke=&quot;191970&quot; /&gt;&lt;/g&gt;&lt;g componentSequence=&quot;18&quot;&gt;&lt;text x=&quot;513&quot; y=&quot;615&quot; text-anchor=&quot;middle&quot; style=&quot;font-weight:bold;font-size:10px;stroke:none; fill:#333399&quot;&gt;&lt;tspan dy=&quot;14&quot; x=&quot;513&quot;&gt;Tratativa da&lt;/tspan&gt;&lt;tspan dy=&quot;14&quot; x=&quot;513&quot;&gt;solicitação -&lt;/tspan&gt;&lt;tspan dy=&quot;14&quot; x=&quot;513&quot;&gt;Despesas&lt;/tspan&gt;&lt;/text&gt;&lt;/g&gt;&lt;g sequence=&quot;20&quot;&gt;&lt;ellipse cx=&quot;837&quot; cy=&quot;641&quot; rx=&quot;17&quot; ry=&quot;17&quot; stroke-width=&quot;3&quot; style=&quot;fill:url(#linearGradientFF6666FF9696FFB6B6_726833344);&quot; stroke=&quot;993333&quot; /&gt;&lt;/g&gt;&lt;g sequence=&quot;21&quot;&gt;&lt;polygon points=&quot; 663 621 693 591 723 621 693 651 663 621&quot; style=&quot;fill:url(#linearGradientFAFBFCFFFFCC_2103872061);&quot; stroke=&quot;000000&quot; /&gt;&lt;/g&gt;&lt;g componentSequence=&quot;21&quot;&gt;&lt;text x=&quot;693&quot; y=&quot;661&quot; text-anchor=&quot;middle&quot; style=&quot;font-weight:bold;font-size:10px;stroke:none; fill:#333399&quot;&gt;&lt;tspan dy=&quot;14&quot; x=&quot;693&quot;&gt;Necessá&lt;/tspan&gt;&lt;tspan dy=&quot;14&quot; x=&quot;693&quot;&gt;rio&lt;/tspan&gt;&lt;tspan dy=&quot;14&quot; x=&quot;693&quot;&gt;revi...&lt;/tspan&gt;&lt;/text&gt;&lt;/g&gt;&lt;g sequence=&quot;24&quot;&gt;&lt;rect x=&quot;640&quot; y=&quot;376&quot; width=&quot;106&quot; height=&quot;98&quot; ry=&quot;5&quot; rx=&quot;5&quot; style=&quot;fill:url(#linearGradientF8FBFEEDF5FCDEEDFAD4E7F8E2E5E9_1439384979);&quot; stroke=&quot;191970&quot; /&gt;&lt;/g&gt;&lt;g componentSequence=&quot;24&quot;&gt;&lt;text x=&quot;693&quot; y=&quot;391&quot; text-anchor=&quot;middle&quot; style=&quot;font-weight:bold;font-size:10px;stroke:none; fill:#333399&quot;&gt;&lt;tspan dy=&quot;14&quot; x=&quot;693&quot;&gt;Aguardando&lt;/tspan&gt;&lt;tspan dy=&quot;14&quot; x=&quot;693&quot;&gt;solicitante-&lt;/tspan&gt;&lt;tspan dy=&quot;14&quot; x=&quot;693&quot;&gt;Entrada de&lt;/tspan&gt;&lt;tspan dy=&quot;14&quot; x=&quot;693&quot;&gt;Notas&lt;/tspan&gt;&lt;/text&gt;&lt;/g&gt;&lt;g sequence=&quot;27&quot;&gt;&lt;rect x=&quot;307&quot; y=&quot;44&quot; width=&quot;106&quot; height=&quot;56&quot; ry=&quot;5&quot; rx=&quot;5&quot; style=&quot;fill:url(#linearGradientF8FBFEEDF5FCDEEDFAD4E7F8E2E5E9_268291344);&quot; stroke=&quot;191970&quot; /&gt;&lt;/g&gt;&lt;g componentSequence=&quot;27&quot;&gt;&lt;text x=&quot;360&quot; y=&quot;61&quot; text-anchor=&quot;middle&quot; style=&quot;font-weight:bold;font-size:10px;stroke:none; fill:#333399&quot;&gt;&lt;tspan dy=&quot;14&quot; x=&quot;360&quot;&gt;Notificação&lt;/tspan&gt;&lt;/text&gt;&lt;/g&gt;&lt;g sequence=&quot;31&quot;&gt;&lt;polygon points=&quot; 190 51 220 21 250 51 220 81 190 51&quot; style=&quot;fill:url(#linearGradientFAFBFCFFFFCC_810995895);&quot; stroke=&quot;000000&quot; /&gt;&lt;/g&gt;&lt;g componentSequence=&quot;31&quot;&gt;&lt;text x=&quot;220&quot; y=&quot;91&quot; text-anchor=&quot;middle&quot; style=&quot;font-weight:bold;font-size:10px;stroke:none; fill:#333399&quot;&gt;&lt;tspan dy=&quot;14&quot; x=&quot;220&quot;&gt;Notifica&lt;/tspan&gt;&lt;tspan dy=&quot;14&quot; x=&quot;220&quot;&gt;Resp?&lt;/tspan&gt;&lt;/text&gt;&lt;/g&gt;&lt;g sequence=&quot;37&quot;&gt;&lt;rect x=&quot;167&quot; y=&quot;230&quot; width=&quot;106&quot; height=&quot;70&quot; ry=&quot;5&quot; rx=&quot;5&quot; style=&quot;fill:url(#linearGradientF8FBFEEDF5FCDEEDFAD4E7F8E2E5E9_2032702434);&quot; stroke=&quot;191970&quot; /&gt;&lt;/g&gt;&lt;g componentSequence=&quot;37&quot;&gt;&lt;text x=&quot;220&quot; y=&quot;245&quot; text-anchor=&quot;middle&quot; style=&quot;font-weight:bold;font-size:10px;stroke:none; fill:#333399&quot;&gt;&lt;tspan dy=&quot;14&quot; x=&quot;220&quot;&gt;Aprovar&lt;/tspan&gt;&lt;tspan dy=&quot;14&quot; x=&quot;220&quot;&gt;solicitação&lt;/tspan&gt;&lt;/text&gt;&lt;/g&gt;&lt;g sequence=&quot;40&quot;&gt;&lt;polygon points=&quot; 350 244 380 214 410 244 380 274 350 244&quot; style=&quot;fill:url(#linearGradientFAFBFCFFFFCC_1992341129);&quot; stroke=&quot;000000&quot; /&gt;&lt;/g&gt;&lt;g componentSequence=&quot;40&quot;&gt;&lt;text x=&quot;380&quot; y=&quot;284&quot; text-anchor=&quot;middle&quot; style=&quot;font-weight:bold;font-size:10px;stroke:none; fill:#333399&quot;&gt;&lt;tspan dy=&quot;14&quot; x=&quot;380&quot;&gt;Aprovad&lt;/tspan&gt;&lt;tspan dy=&quot;14&quot; x=&quot;380&quot;&gt;o?&lt;/tspan&gt;&lt;/text&gt;&lt;/g&gt;&lt;g sequence=&quot;46&quot;&gt;&lt;polygon points=&quot; 77 170 107 140 137 170 107 200 77 170&quot; style=&quot;fill:url(#linearGradientFAFBFCFFFFCC_389312524);&quot; stroke=&quot;000000&quot; /&gt;&lt;/g&gt;&lt;g componentSequence=&quot;46&quot;&gt;&lt;text x=&quot;107&quot; y=&quot;210&quot; text-anchor=&quot;middle&quot; style=&quot;font-weight:bold;font-size:10px;stroke:none; fill:#333399&quot;&gt;&lt;tspan dy=&quot;14&quot; x=&quot;107&quot;&gt;Aprova&lt;/tspan&gt;&lt;tspan dy=&quot;14&quot; x=&quot;107&quot;&gt;?&lt;/tspan&gt;&lt;/text&gt;&lt;/g&gt;&lt;g componentSequence=&quot;7&quot;&gt;&lt;text x=&quot;468&quot; y=&quot;429&quot; style=&quot;font-size:10px;font-weight:none;stroke:none; fill:#333399&quot; text-anchor=&quot;left&quot; /&gt;&lt;/g&gt;&lt;g componentSequence=&quot;9&quot;&gt;&lt;text x=&quot;617&quot; y=&quot;244&quot; style=&quot;font-size:10px;font-weight:none;stroke:none; fill:#333399&quot; text-anchor=&quot;left&quot; /&gt;&lt;/g&gt;&lt;g componentSequence=&quot;12&quot;&gt;&lt;text x=&quot;522&quot; y=&quot;328&quot; style=&quot;font-size:10px;font-weight:none;stroke:none; fill:#333399&quot; text-anchor=&quot;left&quot; /&gt;&lt;/g&gt;&lt;g componentSequence=&quot;19&quot;&gt;&lt;text x=&quot;523&quot; y=&quot;545&quot; style=&quot;font-size:10px;font-weight:none;stroke:none; fill:#333399&quot; text-anchor=&quot;left&quot; /&gt;&lt;/g&gt;&lt;g componentSequence=&quot;22&quot;&gt;&lt;text x=&quot;624&quot; y=&quot;646&quot; style=&quot;font-size:10px;font-weight:none;stroke:none; fill:#333399&quot; text-anchor=&quot;left&quot; /&gt;&lt;/g&gt;&lt;g componentSequence=&quot;23&quot;&gt;&lt;text x=&quot;781&quot; y=&quot;645&quot; style=&quot;font-size:10px;font-weight:none;stroke:none; fill:#333399&quot; text-anchor=&quot;left&quot; /&gt;&lt;/g&gt;&lt;g componentSequence=&quot;25&quot;&gt;&lt;text x=&quot;703&quot; y=&quot;532&quot; style=&quot;font-size:10px;font-weight:none;stroke:none; fill:#333399&quot; text-anchor=&quot;left&quot; /&gt;&lt;/g&gt;&lt;g componentSequence=&quot;26&quot;&gt;&lt;text x=&quot;610&quot; y=&quot;537&quot; style=&quot;font-size:10px;font-weight:none;stroke:none; fill:#333399&quot; text-anchor=&quot;left&quot; /&gt;&lt;/g&gt;&lt;g componentSequence=&quot;32&quot;&gt;&lt;text x=&quot;167&quot; y=&quot;71&quot; style=&quot;font-size:10px;font-weight:none;stroke:none; fill:#333399&quot; text-anchor=&quot;left&quot; /&gt;&lt;/g&gt;&lt;g componentSequence=&quot;33&quot;&gt;&lt;text x=&quot;288&quot; y=&quot;72&quot; style=&quot;font-size:10px;font-weight:none;stroke:none; fill:#333399&quot; text-anchor=&quot;left&quot; /&gt;&lt;/g&gt;&lt;g componentSequence=&quot;41&quot;&gt;&lt;text x=&quot;321&quot; y=&quot;265&quot; style=&quot;font-size:10px;font-weight:none;stroke:none; fill:#333399&quot; text-anchor=&quot;left&quot; /&gt;&lt;/g&gt;&lt;g componentSequence=&quot;42&quot;&gt;&lt;text x=&quot;390&quot; y=&quot;353&quot; style=&quot;font-size:10px;font-weight:none;stroke:none; fill:#333399&quot; text-anchor=&quot;left&quot; /&gt;&lt;/g&gt;&lt;g componentSequence=&quot;45&quot;&gt;&lt;text x=&quot;535&quot; y=&quot;176&quot; style=&quot;font-size:10px;font-weight:none;stroke:none; fill:#333399&quot; text-anchor=&quot;left&quot; /&gt;&lt;/g&gt;&lt;g componentSequence=&quot;47&quot;&gt;&lt;text x=&quot;245&quot; y=&quot;156&quot; style=&quot;font-size:10px;font-weight:none;stroke:none; fill:#333399&quot; text-anchor=&quot;left&quot; /&gt;&lt;/g&gt;&lt;g componentSequence=&quot;48&quot;&gt;&lt;text x=&quot;173&quot; y=&quot;132&quot; style=&quot;font-size:10px;font-weight:none;stroke:none; fill:#333399&quot; text-anchor=&quot;left&quot; /&gt;&lt;/g&gt;&lt;g componentSequence=&quot;49&quot;&gt;&lt;text x=&quot;162&quot; y=&quot;221&quot; style=&quot;font-size:10px;font-weight:none;stroke:none; fill:#333399&quot; text-anchor=&quot;left&quot; /&gt;&lt;/g&gt;&lt;g componentSequence=&quot;50&quot;&gt;&lt;text x=&quot;135&quot; y=&quot;424&quot; style=&quot;font-size:10px;font-weight:none;stroke:none; fill:#333399&quot; text-anchor=&quot;left&quot; /&gt;&lt;/g&gt;&lt;g componentSequence=&quot;51&quot;&gt;&lt;text x=&quot;398&quot; y=&quot;133&quot; style=&quot;font-size:10px;font-weight:none;stroke:none; fill:#333399&quot; text-anchor=&quot;left&quot; /&gt;&lt;/g&gt;&lt;g componentSequence=&quot;52&quot;&gt;&lt;text x=&quot;232&quot; y=&quot;137&quot; style=&quot;font-size:10px;font-weight:none;stroke:none; fill:#333399&quot; text-anchor=&quot;left&quot; /&gt;&lt;/g&gt;&lt;path style=&quot;fill:none; stroke:#000000;stroke-width:1&quot; d=&quot;M124.0 70.0 L188.0 72.0&quot; /&gt;&lt;polygon style=&quot;fill:#000000; stroke:#000000;&quot; points=&quot; 178 67 188 72 178 77 180 72&quot; /&gt;&lt;path style=&quot;fill:none; stroke:#000000;stroke-width:1&quot; d=&quot;M434.0 428.0 L482.0 430.0&quot; /&gt;&lt;polygon style=&quot;fill:#000000; stroke:#000000;&quot; points=&quot; 472 425 482 430 472 435 474 430&quot; /&gt;&lt;path style=&quot;fill:none; stroke:#000000;stroke-width:1&quot; d=&quot;M380.0 316.0 L380.0 388.0&quot; /&gt;&lt;polygon style=&quot;fill:#000000; stroke:#000000;&quot; points=&quot; 385 378 380 388 375 378 380 380&quot; /&gt;&lt;path style=&quot;fill:none; stroke:#000000;stroke-width:1&quot; d=&quot;M106.0 242.0 L106.0 424.0 L326.0 424.0&quot; /&gt;&lt;polygon style=&quot;fill:#000000; stroke:#000000;&quot; points=&quot; 316 419 326 424 316 429 318 424&quot; /&gt;&lt;path style=&quot;fill:none; stroke:#000000;stroke-width:1&quot; d=&quot;M542.0 372.0 L670.0 114.0&quot; /&gt;&lt;polygon style=&quot;fill:#000000; stroke:#000000;&quot; points=&quot; 661 121 670 114 670 125 666 121&quot; /&gt;&lt;path style=&quot;fill:none; stroke:#000000;stroke-width:1&quot; d=&quot;M512.0 372.0 L512.0 282.0&quot; /&gt;&lt;polygon style=&quot;fill:#000000; stroke:#000000;&quot; points=&quot; 507 292 512 282 517 292 512 290&quot; /&gt;&lt;path style=&quot;fill:none; stroke:#000000;stroke-width:1&quot; d=&quot;M512.0 490.0 L512.0 598.0&quot; /&gt;&lt;polygon style=&quot;fill:#000000; stroke:#000000;&quot; points=&quot; 517 588 512 598 507 588 512 590&quot; /&gt;&lt;path style=&quot;fill:none; stroke:#000000;stroke-width:1&quot; d=&quot;M638.0 82.0 L138.0 184.0&quot; /&gt;&lt;polygon style=&quot;fill:#000000; stroke:#000000;&quot; points=&quot; 149 187 138 184 147 177 146 182&quot; /&gt;&lt;path style=&quot;fill:none; stroke:#000000;stroke-width:1&quot; d=&quot;M410.0 244.0 L638.0 104.0&quot; /&gt;&lt;polygon style=&quot;fill:#000000; stroke:#000000;&quot; points=&quot; 627 105 638 104 632 113 631 108&quot; /&gt;&lt;path style=&quot;fill:none; stroke:#000000;stroke-width:1&quot; d=&quot;M566.0 644.0 L662.0 648.0&quot; /&gt;&lt;polygon style=&quot;fill:#000000; stroke:#000000;&quot; points=&quot; 652 643 662 648 652 653 654 648&quot; /&gt;&lt;path style=&quot;fill:none; stroke:#000000;stroke-width:1&quot; d=&quot;M650.0 474.0 L548.0 598.0&quot; /&gt;&lt;polygon style=&quot;fill:#000000; stroke:#000000;&quot; points=&quot; 558 593 548 598 550 587 553 592&quot; /&gt;&lt;path style=&quot;fill:none; stroke:#000000;stroke-width:1&quot; d=&quot;M724.0 648.0 L818.0 640.0&quot; /&gt;&lt;polygon style=&quot;fill:#000000; stroke:#000000;&quot; points=&quot; 808 636 818 640 808 646 810 641&quot; /&gt;&lt;path style=&quot;fill:none; stroke:#000000;stroke-width:1&quot; d=&quot;M692.0 590.0 L692.0 474.0&quot; /&gt;&lt;polygon style=&quot;fill:#000000; stroke:#000000;&quot; points=&quot; 687 484 692 474 697 484 692 482&quot; /&gt;&lt;path style=&quot;fill:none; stroke:#009600;stroke-width:1&quot; d=&quot;M318.0 100.0 L236.0 156.0 L138.0 182.0&quot; /&gt;&lt;polygon style=&quot;fill:#009600; stroke:#009600;&quot; points=&quot; 149 184 138 182 146 175 146 180&quot; /&gt;&lt;path style=&quot;fill:none; stroke:#000000;stroke-width:1&quot; d=&quot;M306.0 96.0 L138.0 176.0&quot; /&gt;&lt;polygon style=&quot;fill:#000000; stroke:#000000;&quot; points=&quot; 149 176 138 176 145 167 145 173&quot; /&gt;&lt;path style=&quot;fill:none; stroke:#000000;stroke-width:1&quot; d=&quot;M250.0 72.0 L306.0 72.0&quot; /&gt;&lt;polygon style=&quot;fill:#000000; stroke:#000000;&quot; points=&quot; 296 67 306 72 296 77 298 72&quot; /&gt;&lt;path style=&quot;fill:none; stroke:#000000;stroke-width:1&quot; d=&quot;M188.0 104.0 L138.0 158.0&quot; /&gt;&lt;polygon style=&quot;fill:#000000; stroke:#000000;&quot; points=&quot; 148 154 138 158 141 147 143 152&quot; /&gt;&lt;path style=&quot;fill:none; stroke:#000000;stroke-width:1&quot; d=&quot;M274.0 264.0 L348.0 264.0&quot; /&gt;&lt;polygon style=&quot;fill:#000000; stroke:#000000;&quot; points=&quot; 338 259 348 264 338 269 340 264&quot; /&gt;&lt;path style=&quot;fill:none; stroke:#000000;stroke-width:1&quot; d=&quot;M138.0 210.0 L166.0 228.0&quot; /&gt;&lt;polygon style=&quot;fill:#000000; stroke:#000000;&quot; points=&quot; 160 218 166 228 155 227 159 224&quot; /&gt;&lt;defs&gt;&lt;linearGradient xmlns:xlink=&quot;http://www.w3.org/1999/xlink&quot; xlink:href=&quot;#linearGradient66FF6696FF96B6FFB6&quot; id=&quot;linearGradient66FF6696FF96B6FFB6_1387498351&quot; x1=&quot;0&quot; y1=&quot;54.0&quot; x2=&quot;0&quot; y2=&quot;89.0&quot; gradientUnits=&quot;userSpaceOnUse&quot; xlink:type=&quot;simple&quot; xlink:actuate=&quot;onLoad&quot; xlink:show=&quot;other&quot; /&gt;&lt;linearGradient id=&quot;linearGradient66FF6696FF96B6FFB6&quot;&gt;&lt;stop style=&quot;stop-color:#66FF66;stop-opacity:1;&quot; offset=&quot;0.0&quot; id=&quot;stop66FF66&quot; /&gt;&lt;stop style=&quot;stop-color:#96FF96;stop-opacity:1;&quot; offset=&quot;0.5&quot; id=&quot;stop96FF96&quot; /&gt;&lt;stop style=&quot;stop-color:#B6FFB6;stop-opacity:1;&quot; offset=&quot;1.0&quot; id=&quot;stopB6FFB6&quot; /&gt;&lt;/linearGradient&gt;&lt;linearGradient xmlns:xlink=&quot;http://www.w3.org/1999/xlink&quot; xlink:href=&quot;#linearGradientF8FBFEEDF5FCDEEDFAD4E7F8E2E5E9&quot; id=&quot;linearGradientF8FBFEEDF5FCDEEDFAD4E7F8E2E5E9_1551138633&quot; x1=&quot;0&quot; y1=&quot;390.0&quot; x2=&quot;0&quot; y2=&quot;496.0&quot; gradientUnits=&quot;userSpaceOnUse&quot; xlink:type=&quot;simple&quot; xlink:actuate=&quot;onLoad&quot; xlink:show=&quot;other&quot; /&gt;&lt;linearGradient id=&quot;linearGradientF8FBFEEDF5FCDEEDFAD4E7F8E2E5E9&quot;&gt;&lt;stop style=&quot;stop-color:#F8FBFE;stop-opacity:1;&quot; offset=&quot;0.0&quot; id=&quot;stopF8FBFE&quot; /&gt;&lt;stop style=&quot;stop-color:#EDF5FC;stop-opacity:1;&quot; offset=&quot;0.25&quot; id=&quot;stopEDF5FC&quot; /&gt;&lt;stop style=&quot;stop-color:#DEEDFA;stop-opacity:1;&quot; offset=&quot;0.5&quot; id=&quot;stopDEEDFA&quot; /&gt;&lt;stop style=&quot;stop-color:#D4E7F8;stop-opacity:1;&quot; offset=&quot;0.75&quot; id=&quot;stopD4E7F8&quot; /&gt;&lt;stop style=&quot;stop-color:#E2E5E9;stop-opacity:1;&quot; offset=&quot;1.0&quot; id=&quot;stopE2E5E9&quot; /&gt;&lt;/linearGradient&gt;&lt;linearGradient xmlns:xlink=&quot;http://www.w3.org/1999/xlink&quot; xlink:href=&quot;#linearGradientFAFBFCFFFFCC&quot; id=&quot;linearGradientFAFBFCFFFFCC_1481367583&quot; x1=&quot;0&quot; y1=&quot;374.0&quot; x2=&quot;0&quot; y2=&quot;434.0&quot; gradientUnits=&quot;userSpaceOnUse&quot; xlink:type=&quot;simple&quot; xlink:actuate=&quot;onLoad&quot; xlink:show=&quot;other&quot; /&gt;&lt;linearGradient id=&quot;linearGradientFAFBFCFFFFCC&quot;&gt;&lt;stop style=&quot;stop-color:#FAFBFC;stop-opacity:1;&quot; offset=&quot;0.0&quot; id=&quot;stopFAFBFC&quot; /&gt;&lt;stop style=&quot;stop-color:#FFFFCC;stop-opacity:1;&quot; offset=&quot;1.0&quot; id=&quot;stopFFFFCC&quot; /&gt;&lt;/linearGradient&gt;&lt;linearGradient xmlns:xlink=&quot;http://www.w3.org/1999/xlink&quot; xlink:href=&quot;#linearGradientF8FBFEEDF5FCDEEDFAD4E7F8E2E5E9&quot; id=&quot;linearGradientF8FBFEEDF5FCDEEDFAD4E7F8E2E5E9_491353458&quot; x1=&quot;0&quot; y1=&quot;30.0&quot; x2=&quot;0&quot; y2=&quot;136.0&quot; gradientUnits=&quot;userSpaceOnUse&quot; xlink:type=&quot;simple&quot; xlink:actuate=&quot;onLoad&quot; xlink:show=&quot;other&quot; /&gt;&lt;linearGradient xmlns:xlink=&quot;http://www.w3.org/1999/xlink&quot; xlink:href=&quot;#linearGradientFF6666FF9696FFB6B6&quot; id=&quot;linearGradientFF6666FF9696FFB6B6_1399815495&quot; x1=&quot;0&quot; y1=&quot;247.0&quot; x2=&quot;0&quot; y2=&quot;282.0&quot; gradientUnits=&quot;userSpaceOnUse&quot; xlink:type=&quot;simple&quot; xlink:actuate=&quot;onLoad&quot; xlink:show=&quot;other&quot; /&gt;&lt;linearGradient id=&quot;linearGradientFF6666FF9696FFB6B6&quot;&gt;&lt;stop style=&quot;stop-color:#FF6666;stop-opacity:1;&quot; offset=&quot;0.0&quot; id=&quot;stopFF6666&quot; /&gt;&lt;stop style=&quot;stop-color:#FF9696;stop-opacity:1;&quot; offset=&quot;0.5&quot; id=&quot;stopFF9696&quot; /&gt;&lt;stop style=&quot;stop-color:#FFB6B6;stop-opacity:1;&quot; offset=&quot;1.0&quot; id=&quot;stopFFB6B6&quot; /&gt;&lt;/linearGradient&gt;&lt;linearGradient xmlns:xlink=&quot;http://www.w3.org/1999/xlink&quot; xlink:href=&quot;#linearGradientF8FBFEEDF5FCDEEDFAD4E7F8E2E5E9&quot; id=&quot;linearGradientF8FBFEEDF5FCDEEDFAD4E7F8E2E5E9_748605012&quot; x1=&quot;0&quot; y1=&quot;600.0&quot; x2=&quot;0&quot; y2=&quot;706.0&quot; gradientUnits=&quot;userSpaceOnUse&quot; xlink:type=&quot;simple&quot; xlink:actuate=&quot;onLoad&quot; xlink:show=&quot;other&quot; /&gt;&lt;linearGradient xmlns:xlink=&quot;http://www.w3.org/1999/xlink&quot; xlink:href=&quot;#linearGradientFF6666FF9696FFB6B6&quot; id=&quot;linearGradientFF6666FF9696FFB6B6_726833344&quot; x1=&quot;0&quot; y1=&quot;624.0&quot; x2=&quot;0&quot; y2=&quot;659.0&quot; gradientUnits=&quot;userSpaceOnUse&quot; xlink:type=&quot;simple&quot; xlink:actuate=&quot;onLoad&quot; xlink:show=&quot;other&quot; /&gt;&lt;linearGradient xmlns:xlink=&quot;http://www.w3.org/1999/xlink&quot; xlink:href=&quot;#linearGradientFAFBFCFFFFCC&quot; id=&quot;linearGradientFAFBFCFFFFCC_2103872061&quot; x1=&quot;0&quot; y1=&quot;591.0&quot; x2=&quot;0&quot; y2=&quot;651.0&quot; gradientUnits=&quot;userSpaceOnUse&quot; xlink:type=&quot;simple&quot; xlink:actuate=&quot;onLoad&quot; xlink:show=&quot;other&quot; /&gt;&lt;linearGradient xmlns:xlink=&quot;http://www.w3.org/1999/xlink&quot; xlink:href=&quot;#linearGradientF8FBFEEDF5FCDEEDFAD4E7F8E2E5E9&quot; id=&quot;linearGradientF8FBFEEDF5FCDEEDFAD4E7F8E2E5E9_1439384979&quot; x1=&quot;0&quot; y1=&quot;376.0&quot; x2=&quot;0&quot; y2=&quot;482.0&quot; gradientUnits=&quot;userSpaceOnUse&quot; xlink:type=&quot;simple&quot; xlink:actuate=&quot;onLoad&quot; xlink:show=&quot;other&quot; /&gt;&lt;linearGradient xmlns:xlink=&quot;http://www.w3.org/1999/xlink&quot; xlink:href=&quot;#linearGradientF8FBFEEDF5FCDEEDFAD4E7F8E2E5E9&quot; id=&quot;linearGradientF8FBFEEDF5FCDEEDFAD4E7F8E2E5E9_268291344&quot; x1=&quot;0&quot; y1=&quot;44.0&quot; x2=&quot;0&quot; y2=&quot;150.0&quot; gradientUnits=&quot;userSpaceOnUse&quot; xlink:type=&quot;simple&quot; xlink:actuate=&quot;onLoad&quot; xlink:show=&quot;other&quot; /&gt;&lt;linearGradient xmlns:xlink=&quot;http://www.w3.org/1999/xlink&quot; xlink:href=&quot;#linearGradientFAFBFCFFFFCC&quot; id=&quot;linearGradientFAFBFCFFFFCC_810995895&quot; x1=&quot;0&quot; y1=&quot;21.0&quot; x2=&quot;0&quot; y2=&quot;81.0&quot; gradientUnits=&quot;userSpaceOnUse&quot; xlink:type=&quot;simple&quot; xlink:actuate=&quot;onLoad&quot; xlink:show=&quot;other&quot; /&gt;&lt;linearGradient xmlns:xlink=&quot;http://www.w3.org/1999/xlink&quot; xlink:href=&quot;#linearGradientF8FBFEEDF5FCDEEDFAD4E7F8E2E5E9&quot; id=&quot;linearGradientF8FBFEEDF5FCDEEDFAD4E7F8E2E5E9_2032702434&quot; x1=&quot;0&quot; y1=&quot;230.0&quot; x2=&quot;0&quot; y2=&quot;336.0&quot; gradientUnits=&quot;userSpaceOnUse&quot; xlink:type=&quot;simple&quot; xlink:actuate=&quot;onLoad&quot; xlink:show=&quot;other&quot; /&gt;&lt;linearGradient xmlns:xlink=&quot;http://www.w3.org/1999/xlink&quot; xlink:href=&quot;#linearGradientFAFBFCFFFFCC&quot; id=&quot;linearGradientFAFBFCFFFFCC_1992341129&quot; x1=&quot;0&quot; y1=&quot;214.0&quot; x2=&quot;0&quot; y2=&quot;274.0&quot; gradientUnits=&quot;userSpaceOnUse&quot; xlink:type=&quot;simple&quot; xlink:actuate=&quot;onLoad&quot; xlink:show=&quot;other&quot; /&gt;&lt;linearGradient xmlns:xlink=&quot;http://www.w3.org/1999/xlink&quot; xlink:href=&quot;#linearGradientFAFBFCFFFFCC&quot; id=&quot;linearGradientFAFBFCFFFFCC_389312524&quot; x1=&quot;0&quot; y1=&quot;140.0&quot; x2=&quot;0&quot; y2=&quot;200.0&quot; gradientUnits=&quot;userSpaceOnUse&quot; xlink:type=&quot;simple&quot; xlink:actuate=&quot;onLoad&quot; xlink:show=&quot;other&quot; /&gt;&lt;/defs&gt;&lt;/svg&gt;</processDiagram>
    <bpmnVersion>2</bpmnVersion>
    <inheritFormSecurity>false</inheritFormSecurity>
    <openInstances>0</openInstances>
    <processStates/>
    <favorito>false</favorito>
    <mobileReady>true</mobileReady>
    <rowId>0</rowId>
  </ProcessDefinitionVersion>
  <list>
    <ProcessState>
      <processStatePK>
        <companyId>1</companyId>
        <processId>abertura_solicitacao_entrada_de_notas</processId>
        <version>53</version>
        <sequence>3</sequence>
      </processStatePK>
      <stateName>Início - Realizar solicitação </stateName>
      <stateDescription>Início - Realizar solicitação </stateDescription>
      <instruction></instruction>
      <deadlineTime>0</deadlineTime>
      <joint>false</joint>
      <agreementPercentage>0</agreementPercentage>
      <engineAllocationId></engineAllocationId>
      <engineAllocationConfiguration></engineAllocationConfiguration>
      <selectColleague>1</selectColleague>
      <initialState>true</initialState>
      <notifyAuthorityDelay>false</notifyAuthorityDelay>
      <notifyRequisitionerDelay>false</notifyRequisitionerDelay>
      <allowanceAuthorityTime>0</allowanceAuthorityTime>
      <frequenceAuthorityTime>0</frequenceAuthorityTime>
      <allowanceRequisitionerTime>0</allowanceRequisitionerTime>
      <frequenceRequisitionerTime>0</frequenceRequisitionerTime>
      <transferAttachments>false</transferAttachments>
      <subProcessId></subProcessId>
      <formFolder>0</formFolder>
      <notifyAuthorityFollowUp>true</notifyAuthorityFollowUp>
      <notifyRequisitionerFollowUp>false</notifyRequisitionerFollowUp>
      <automatic>false</automatic>
      <positionX>90</positionX>
      <positionY>54</positionY>
      <forecastedEffortType>0</forecastedEffortType>
      <forecastedEffort>0</forecastedEffort>
      <notifyManagerFollowUp>false</notifyManagerFollowUp>
      <notifyManagerDelay>false</notifyManagerDelay>
      <allowanceManagerTime>0</allowanceManagerTime>
      <frequenceManagerTime>0</frequenceManagerTime>
      <inhibitTransfer>false</inhibitTransfer>
      <periodId></periodId>
      <stateType>0</stateType>
      <bpmnType>10</bpmnType>
      <counterSign>false</counterSign>
      <digitalSignature>false</digitalSignature>
      <noticeExpirationAuthorityTime>0</noticeExpirationAuthorityTime>
      <noticeExpirationRequisitionerTime>0</noticeExpirationRequisitionerTime>
      <noticeExpirationManagerTime>0</noticeExpirationManagerTime>
      <signalId>0</signalId>
      <openInstances>0</openInstances>
      <destinationStates/>
    </ProcessState>
    <ProcessState>
      <processStatePK>
        <companyId>1</companyId>
        <processId>abertura_solicitacao_entrada_de_notas</processId>
        <version>53</version>
        <sequence>4</sequence>
      </processStatePK>
      <stateName>Tratativa da solicitação</stateName>
      <stateDescription>Tratativa da solicitação</stateDescription>
      <instruction></instruction>
      <deadlineTime>0</deadlineTime>
      <joint>false</joint>
      <agreementPercentage>0</agreementPercentage>
      <engineAllocationId>Pool Papel</engineAllocationId>
      <engineAllocationConfiguration>&lt;AssignmentController&gt;&lt;Role&gt;tratativa_entrada_de_notas&lt;/Role&gt;&lt;/AssignmentController&gt;</engineAllocationConfiguration>
      <selectColleague>1</selectColleague>
      <initialState>false</initialState>
      <notifyAuthorityDelay>false</notifyAuthorityDelay>
      <notifyRequisitionerDelay>false</notifyRequisitionerDelay>
      <allowanceAuthorityTime>0</allowanceAuthorityTime>
      <frequenceAuthorityTime>0</frequenceAuthorityTime>
      <allowanceRequisitionerTime>0</allowanceRequisitionerTime>
      <frequenceRequisitionerTime>0</frequenceRequisitionerTime>
      <transferAttachments>false</transferAttachments>
      <subProcessId></subProcessId>
      <formFolder>0</formFolder>
      <notifyAuthorityFollowUp>true</notifyAuthorityFollowUp>
      <notifyRequisitionerFollowUp>false</notifyRequisitionerFollowUp>
      <automatic>false</automatic>
      <positionX>327</positionX>
      <positionY>390</positionY>
      <forecastedEffortType>0</forecastedEffortType>
      <forecastedEffort>0</forecastedEffort>
      <notifyManagerFollowUp>false</notifyManagerFollowUp>
      <notifyManagerDelay>false</notifyManagerDelay>
      <allowanceManagerTime>0</allowanceManagerTime>
      <frequenceManagerTime>0</frequenceManagerTime>
      <inhibitTransfer>false</inhibitTransfer>
      <periodId>administrativo</periodId>
      <stateType>0</stateType>
      <bpmnType>80</bpmnType>
      <counterSign>false</counterSign>
      <digitalSignature>false</digitalSignature>
      <noticeExpirationAuthorityTime>0</noticeExpirationAuthorityTime>
      <noticeExpirationRequisitionerTime>0</noticeExpirationRequisitionerTime>
      <noticeExpirationManagerTime>0</noticeExpirationManagerTime>
      <signalId>0</signalId>
      <executionType>0</executionType>
      <deadlineFieldName></deadlineFieldName>
      <openInstances>0</openInstances>
      <destinationStates/>
    </ProcessState>
    <ProcessState>
      <processStatePK>
        <companyId>1</companyId>
        <processId>abertura_solicitacao_entrada_de_notas</processId>
        <version>53</version>
        <sequence>6</sequence>
      </processStatePK>
      <stateName>Necessário revisão do solicitante</stateName>
      <stateDescription>Necessário revisão do solicitante</stateDescription>
      <joint>false</joint>
      <selectColleague>1</selectColleague>
      <initialState>false</initialState>
      <transferAttachments>false</transferAttachments>
      <subProcessId></subProcessId>
      <formFolder>0</formFolder>
      <automatic>true</automatic>
      <positionX>483</positionX>
      <positionY>374</positionY>
      <inhibitTransfer>false</inhibitTransfer>
      <stateType>1</stateType>
      <bpmnType>120</bpmnType>
      <digitalSignature>false</digitalSignature>
      <signalId>0</signalId>
      <openInstances>0</openInstances>
      <destinationStates/>
    </ProcessState>
    <ProcessState>
      <processStatePK>
        <companyId>1</companyId>
        <processId>abertura_solicitacao_entrada_de_notas</processId>
        <version>53</version>
        <sequence>8</sequence>
      </processStatePK>
      <stateName>Revisar/Complementar informações</stateName>
      <stateDescription>Revisar/Complementar informações</stateDescription>
      <instruction></instruction>
      <deadlineTime>0</deadlineTime>
      <joint>false</joint>
      <agreementPercentage>0</agreementPercentage>
      <engineAllocationId>Executor Atividade</engineAllocationId>
      <engineAllocationConfiguration>&lt;AssignmentController&gt;&lt;BaseActivity&gt;3&lt;/BaseActivity&gt;&lt;Returns&gt;Last&lt;/Returns&gt;&lt;/AssignmentController&gt;</engineAllocationConfiguration>
      <selectColleague>1</selectColleague>
      <initialState>false</initialState>
      <notifyAuthorityDelay>false</notifyAuthorityDelay>
      <notifyRequisitionerDelay>false</notifyRequisitionerDelay>
      <allowanceAuthorityTime>0</allowanceAuthorityTime>
      <frequenceAuthorityTime>0</frequenceAuthorityTime>
      <allowanceRequisitionerTime>0</allowanceRequisitionerTime>
      <frequenceRequisitionerTime>0</frequenceRequisitionerTime>
      <transferAttachments>false</transferAttachments>
      <subProcessId></subProcessId>
      <formFolder>0</formFolder>
      <notifyAuthorityFollowUp>true</notifyAuthorityFollowUp>
      <notifyRequisitionerFollowUp>false</notifyRequisitionerFollowUp>
      <automatic>false</automatic>
      <positionX>640</positionX>
      <positionY>30</positionY>
      <forecastedEffortType>0</forecastedEffortType>
      <forecastedEffort>0</forecastedEffort>
      <notifyManagerFollowUp>false</notifyManagerFollowUp>
      <notifyManagerDelay>false</notifyManagerDelay>
      <allowanceManagerTime>0</allowanceManagerTime>
      <frequenceManagerTime>0</frequenceManagerTime>
      <inhibitTransfer>true</inhibitTransfer>
      <periodId>Default</periodId>
      <stateType>0</stateType>
      <bpmnType>80</bpmnType>
      <counterSign>false</counterSign>
      <digitalSignature>false</digitalSignature>
      <noticeExpirationAuthorityTime>0</noticeExpirationAuthorityTime>
      <noticeExpirationRequisitionerTime>0</noticeExpirationRequisitionerTime>
      <noticeExpirationManagerTime>0</noticeExpirationManagerTime>
      <signalId>0</signalId>
      <executionType>0</executionType>
      <deadlineFieldName></deadlineFieldName>
      <openInstances>0</openInstances>
      <destinationStates/>
    </ProcessState>
    <ProcessState>
      <processStatePK>
        <companyId>1</companyId>
        <processId>abertura_solicitacao_entrada_de_notas</processId>
        <version>53</version>
        <sequence>11</sequence>
      </processStatePK>
      <stateName>Fim - Rejeitada</stateName>
      <stateDescription>Fim - Rejeitada</stateDescription>
      <instruction>Atividade final do processo</instruction>
      <deadlineTime>0</deadlineTime>
      <joint>false</joint>
      <agreementPercentage>0</agreementPercentage>
      <engineAllocationId></engineAllocationId>
      <engineAllocationConfiguration></engineAllocationConfiguration>
      <selectColleague>1</selectColleague>
      <initialState>false</initialState>
      <notifyAuthorityDelay>true</notifyAuthorityDelay>
      <notifyRequisitionerDelay>false</notifyRequisitionerDelay>
      <allowanceAuthorityTime>0</allowanceAuthorityTime>
      <frequenceAuthorityTime>1</frequenceAuthorityTime>
      <allowanceRequisitionerTime>0</allowanceRequisitionerTime>
      <frequenceRequisitionerTime>0</frequenceRequisitionerTime>
      <transferAttachments>false</transferAttachments>
      <subProcessId></subProcessId>
      <formFolder>0</formFolder>
      <notifyAuthorityFollowUp>false</notifyAuthorityFollowUp>
      <notifyRequisitionerFollowUp>true</notifyRequisitionerFollowUp>
      <automatic>false</automatic>
      <positionX>495</positionX>
      <positionY>247</positionY>
      <forecastedEffortType>0</forecastedEffortType>
      <forecastedEffort>0</forecastedEffort>
      <notifyManagerFollowUp>false</notifyManagerFollowUp>
      <notifyManagerDelay>false</notifyManagerDelay>
      <allowanceManagerTime>0</allowanceManagerTime>
      <frequenceManagerTime>0</frequenceManagerTime>
      <inhibitTransfer>false</inhibitTransfer>
      <periodId></periodId>
      <stateType>6</stateType>
      <bpmnType>60</bpmnType>
      <counterSign>false</counterSign>
      <digitalSignature>false</digitalSignature>
      <signalId>0</signalId>
      <openInstances>0</openInstances>
      <destinationStates/>
    </ProcessState>
    <ProcessState>
      <processStatePK>
        <companyId>1</companyId>
        <processId>abertura_solicitacao_entrada_de_notas</processId>
        <version>53</version>
        <sequence>18</sequence>
      </processStatePK>
      <stateName>Tratativa da solicitação - Despesas</stateName>
      <stateDescription>Tratativa da solicitação - Despesas</stateDescription>
      <instruction></instruction>
      <deadlineTime>0</deadlineTime>
      <joint>false</joint>
      <agreementPercentage>0</agreementPercentage>
      <engineAllocationId>Pool Papel</engineAllocationId>
      <engineAllocationConfiguration>&lt;AssignmentController&gt;&lt;Role&gt;tratativa_despesas&lt;/Role&gt;&lt;/AssignmentController&gt;</engineAllocationConfiguration>
      <selectColleague>1</selectColleague>
      <initialState>false</initialState>
      <notifyAuthorityDelay>false</notifyAuthorityDelay>
      <notifyRequisitionerDelay>false</notifyRequisitionerDelay>
      <allowanceAuthorityTime>0</allowanceAuthorityTime>
      <frequenceAuthorityTime>0</frequenceAuthorityTime>
      <allowanceRequisitionerTime>0</allowanceRequisitionerTime>
      <frequenceRequisitionerTime>0</frequenceRequisitionerTime>
      <transferAttachments>false</transferAttachments>
      <subProcessId></subProcessId>
      <formFolder>0</formFolder>
      <notifyAuthorityFollowUp>true</notifyAuthorityFollowUp>
      <notifyRequisitionerFollowUp>false</notifyRequisitionerFollowUp>
      <automatic>false</automatic>
      <positionX>460</positionX>
      <positionY>600</positionY>
      <forecastedEffortType>0</forecastedEffortType>
      <forecastedEffort>0</forecastedEffort>
      <notifyManagerFollowUp>false</notifyManagerFollowUp>
      <notifyManagerDelay>false</notifyManagerDelay>
      <allowanceManagerTime>0</allowanceManagerTime>
      <frequenceManagerTime>0</frequenceManagerTime>
      <inhibitTransfer>false</inhibitTransfer>
      <periodId>administrativo</periodId>
      <stateType>0</stateType>
      <bpmnType>80</bpmnType>
      <counterSign>false</counterSign>
      <digitalSignature>false</digitalSignature>
      <noticeExpirationAuthorityTime>0</noticeExpirationAuthorityTime>
      <noticeExpirationRequisitionerTime>0</noticeExpirationRequisitionerTime>
      <noticeExpirationManagerTime>0</noticeExpirationManagerTime>
      <signalId>0</signalId>
      <executionType>0</executionType>
      <deadlineFieldName></deadlineFieldName>
      <openInstances>0</openInstances>
      <destinationStates/>
    </ProcessState>
    <ProcessState>
      <processStatePK>
        <companyId>1</companyId>
        <processId>abertura_solicitacao_entrada_de_notas</processId>
        <version>53</version>
        <sequence>20</sequence>
      </processStatePK>
      <stateName>Fim - Aprovada</stateName>
      <stateDescription>Fim - Aprovada</stateDescription>
      <instruction>Atividade final do processo</instruction>
      <deadlineTime>0</deadlineTime>
      <joint>false</joint>
      <agreementPercentage>0</agreementPercentage>
      <engineAllocationId></engineAllocationId>
      <engineAllocationConfiguration></engineAllocationConfiguration>
      <selectColleague>1</selectColleague>
      <initialState>false</initialState>
      <notifyAuthorityDelay>true</notifyAuthorityDelay>
      <notifyRequisitionerDelay>false</notifyRequisitionerDelay>
      <allowanceAuthorityTime>0</allowanceAuthorityTime>
      <frequenceAuthorityTime>1</frequenceAuthorityTime>
      <allowanceRequisitionerTime>0</allowanceRequisitionerTime>
      <frequenceRequisitionerTime>0</frequenceRequisitionerTime>
      <transferAttachments>false</transferAttachments>
      <subProcessId></subProcessId>
      <formFolder>0</formFolder>
      <notifyAuthorityFollowUp>false</notifyAuthorityFollowUp>
      <notifyRequisitionerFollowUp>true</notifyRequisitionerFollowUp>
      <automatic>false</automatic>
      <positionX>820</positionX>
      <positionY>624</positionY>
      <forecastedEffortType>0</forecastedEffortType>
      <forecastedEffort>0</forecastedEffort>
      <notifyManagerFollowUp>false</notifyManagerFollowUp>
      <notifyManagerDelay>false</notifyManagerDelay>
      <allowanceManagerTime>0</allowanceManagerTime>
      <frequenceManagerTime>0</frequenceManagerTime>
      <inhibitTransfer>false</inhibitTransfer>
      <periodId></periodId>
      <stateType>6</stateType>
      <bpmnType>60</bpmnType>
      <counterSign>false</counterSign>
      <digitalSignature>false</digitalSignature>
      <signalId>0</signalId>
      <openInstances>0</openInstances>
      <destinationStates/>
    </ProcessState>
    <ProcessState>
      <processStatePK>
        <companyId>1</companyId>
        <processId>abertura_solicitacao_entrada_de_notas</processId>
        <version>53</version>
        <sequence>21</sequence>
      </processStatePK>
      <stateName>Necessário revisão do Entrada de Notas?</stateName>
      <stateDescription>Necessário revisão do Entrada de Notas?</stateDescription>
      <joint>false</joint>
      <selectColleague>1</selectColleague>
      <initialState>false</initialState>
      <transferAttachments>false</transferAttachments>
      <subProcessId></subProcessId>
      <formFolder>0</formFolder>
      <automatic>true</automatic>
      <positionX>663</positionX>
      <positionY>591</positionY>
      <inhibitTransfer>false</inhibitTransfer>
      <stateType>1</stateType>
      <bpmnType>120</bpmnType>
      <digitalSignature>false</digitalSignature>
      <signalId>0</signalId>
      <openInstances>0</openInstances>
      <destinationStates/>
    </ProcessState>
    <ProcessState>
      <processStatePK>
        <companyId>1</companyId>
        <processId>abertura_solicitacao_entrada_de_notas</processId>
        <version>53</version>
        <sequence>24</sequence>
      </processStatePK>
      <stateName>Aguardando solicitante-Entrada de Notas</stateName>
      <stateDescription>Aguardando solicitante-Entrada de Notas</stateDescription>
      <instruction></instruction>
      <deadlineTime>0</deadlineTime>
      <joint>false</joint>
      <agreementPercentage>0</agreementPercentage>
      <engineAllocationId>Pool Papel</engineAllocationId>
      <engineAllocationConfiguration>&lt;AssignmentController&gt;&lt;Role&gt;tratativa_entrada_de_notas&lt;/Role&gt;&lt;/AssignmentController&gt;</engineAllocationConfiguration>
      <selectColleague>1</selectColleague>
      <initialState>false</initialState>
      <notifyAuthorityDelay>false</notifyAuthorityDelay>
      <notifyRequisitionerDelay>false</notifyRequisitionerDelay>
      <allowanceAuthorityTime>0</allowanceAuthorityTime>
      <frequenceAuthorityTime>0</frequenceAuthorityTime>
      <allowanceRequisitionerTime>0</allowanceRequisitionerTime>
      <frequenceRequisitionerTime>0</frequenceRequisitionerTime>
      <transferAttachments>false</transferAttachments>
      <subProcessId></subProcessId>
      <formFolder>0</formFolder>
      <notifyAuthorityFollowUp>true</notifyAuthorityFollowUp>
      <notifyRequisitionerFollowUp>false</notifyRequisitionerFollowUp>
      <automatic>false</automatic>
      <positionX>640</positionX>
      <positionY>376</positionY>
      <forecastedEffortType>0</forecastedEffortType>
      <forecastedEffort>0</forecastedEffort>
      <notifyManagerFollowUp>false</notifyManagerFollowUp>
      <notifyManagerDelay>false</notifyManagerDelay>
      <allowanceManagerTime>0</allowanceManagerTime>
      <frequenceManagerTime>0</frequenceManagerTime>
      <inhibitTransfer>false</inhibitTransfer>
      <periodId>administrativo</periodId>
      <stateType>0</stateType>
      <bpmnType>80</bpmnType>
      <counterSign>false</counterSign>
      <digitalSignature>false</digitalSignature>
      <noticeExpirationAuthorityTime>0</noticeExpirationAuthorityTime>
      <noticeExpirationRequisitionerTime>0</noticeExpirationRequisitionerTime>
      <noticeExpirationManagerTime>0</noticeExpirationManagerTime>
      <signalId>0</signalId>
      <executionType>0</executionType>
      <deadlineFieldName></deadlineFieldName>
      <openInstances>0</openInstances>
      <destinationStates/>
    </ProcessState>
    <ProcessState>
      <processStatePK>
        <companyId>1</companyId>
        <processId>abertura_solicitacao_entrada_de_notas</processId>
        <version>53</version>
        <sequence>27</sequence>
      </processStatePK>
      <stateName>Notificação</stateName>
      <stateDescription>Notificação</stateDescription>
      <instruction></instruction>
      <deadlineTime>60</deadlineTime>
      <joint>false</joint>
      <agreementPercentage>0</agreementPercentage>
      <engineAllocationId>Campo Formulário</engineAllocationId>
      <engineAllocationConfiguration>&lt;AssignmentController&gt;&lt;FormField&gt;cTask027&lt;/FormField&gt;&lt;/AssignmentController&gt;</engineAllocationConfiguration>
      <selectColleague>1</selectColleague>
      <initialState>false</initialState>
      <notifyAuthorityDelay>true</notifyAuthorityDelay>
      <notifyRequisitionerDelay>false</notifyRequisitionerDelay>
      <allowanceAuthorityTime>3600</allowanceAuthorityTime>
      <frequenceAuthorityTime>3600</frequenceAuthorityTime>
      <allowanceRequisitionerTime>0</allowanceRequisitionerTime>
      <frequenceRequisitionerTime>0</frequenceRequisitionerTime>
      <transferAttachments>false</transferAttachments>
      <subProcessId></subProcessId>
      <formFolder>0</formFolder>
      <notifyAuthorityFollowUp>true</notifyAuthorityFollowUp>
      <notifyRequisitionerFollowUp>false</notifyRequisitionerFollowUp>
      <automatic>false</automatic>
      <positionX>307</positionX>
      <positionY>44</positionY>
      <forecastedEffortType>0</forecastedEffortType>
      <forecastedEffort>0</forecastedEffort>
      <notifyManagerFollowUp>false</notifyManagerFollowUp>
      <notifyManagerDelay>false</notifyManagerDelay>
      <allowanceManagerTime>0</allowanceManagerTime>
      <frequenceManagerTime>0</frequenceManagerTime>
      <inhibitTransfer>false</inhibitTransfer>
      <periodId></periodId>
      <stateType>0</stateType>
      <bpmnType>80</bpmnType>
      <counterSign>false</counterSign>
      <digitalSignature>false</digitalSignature>
      <noticeExpirationAuthorityTime>0</noticeExpirationAuthorityTime>
      <noticeExpirationRequisitionerTime>0</noticeExpirationRequisitionerTime>
      <noticeExpirationManagerTime>0</noticeExpirationManagerTime>
      <signalId>0</signalId>
      <executionType>0</executionType>
      <deadlineFieldName></deadlineFieldName>
      <openInstances>0</openInstances>
      <destinationStates/>
    </ProcessState>
    <ProcessState>
      <processStatePK>
        <companyId>1</companyId>
        <processId>abertura_solicitacao_entrada_de_notas</processId>
        <version>53</version>
        <sequence>31</sequence>
      </processStatePK>
      <stateName>Notifica Resp?</stateName>
      <stateDescription>Notifica Resp?</stateDescription>
      <joint>false</joint>
      <selectColleague>1</selectColleague>
      <initialState>false</initialState>
      <transferAttachments>false</transferAttachments>
      <subProcessId></subProcessId>
      <formFolder>0</formFolder>
      <automatic>true</automatic>
      <positionX>190</positionX>
      <positionY>21</positionY>
      <inhibitTransfer>false</inhibitTransfer>
      <stateType>1</stateType>
      <bpmnType>120</bpmnType>
      <digitalSignature>false</digitalSignature>
      <signalId>0</signalId>
      <openInstances>0</openInstances>
      <destinationStates/>
    </ProcessState>
    <ProcessState>
      <processStatePK>
        <companyId>1</companyId>
        <processId>abertura_solicitacao_entrada_de_notas</processId>
        <version>53</version>
        <sequence>37</sequence>
      </processStatePK>
      <stateName>Aprovar solicitação</stateName>
      <stateDescription>Aprovar solicitação</stateDescription>
      <instruction></instruction>
      <deadlineTime>0</deadlineTime>
      <joint>false</joint>
      <agreementPercentage>0</agreementPercentage>
      <engineAllocationId>Pool Grupo</engineAllocationId>
      <engineAllocationConfiguration>&lt;AssignmentController&gt;&lt;Group&gt;Gestao_Logstica&lt;/Group&gt;&lt;/AssignmentController&gt;</engineAllocationConfiguration>
      <selectColleague>1</selectColleague>
      <initialState>false</initialState>
      <notifyAuthorityDelay>true</notifyAuthorityDelay>
      <notifyRequisitionerDelay>false</notifyRequisitionerDelay>
      <allowanceAuthorityTime>3600</allowanceAuthorityTime>
      <frequenceAuthorityTime>3600</frequenceAuthorityTime>
      <allowanceRequisitionerTime>0</allowanceRequisitionerTime>
      <frequenceRequisitionerTime>0</frequenceRequisitionerTime>
      <transferAttachments>false</transferAttachments>
      <subProcessId></subProcessId>
      <formFolder>0</formFolder>
      <notifyAuthorityFollowUp>true</notifyAuthorityFollowUp>
      <notifyRequisitionerFollowUp>false</notifyRequisitionerFollowUp>
      <automatic>false</automatic>
      <positionX>167</positionX>
      <positionY>230</positionY>
      <forecastedEffortType>0</forecastedEffortType>
      <forecastedEffort>0</forecastedEffort>
      <notifyManagerFollowUp>false</notifyManagerFollowUp>
      <notifyManagerDelay>false</notifyManagerDelay>
      <allowanceManagerTime>0</allowanceManagerTime>
      <frequenceManagerTime>0</frequenceManagerTime>
      <inhibitTransfer>false</inhibitTransfer>
      <periodId></periodId>
      <stateType>0</stateType>
      <bpmnType>80</bpmnType>
      <counterSign>false</counterSign>
      <digitalSignature>false</digitalSignature>
      <noticeExpirationAuthorityTime>0</noticeExpirationAuthorityTime>
      <noticeExpirationRequisitionerTime>0</noticeExpirationRequisitionerTime>
      <noticeExpirationManagerTime>0</noticeExpirationManagerTime>
      <signalId>0</signalId>
      <executionType>0</executionType>
      <deadlineFieldName></deadlineFieldName>
      <openInstances>0</openInstances>
      <destinationStates/>
    </ProcessState>
    <ProcessState>
      <processStatePK>
        <companyId>1</companyId>
        <processId>abertura_solicitacao_entrada_de_notas</processId>
        <version>53</version>
        <sequence>40</sequence>
      </processStatePK>
      <stateName>Aprovado?</stateName>
      <stateDescription>Aprovado?</stateDescription>
      <joint>false</joint>
      <selectColleague>1</selectColleague>
      <initialState>false</initialState>
      <transferAttachments>false</transferAttachments>
      <subProcessId></subProcessId>
      <formFolder>0</formFolder>
      <automatic>true</automatic>
      <positionX>350</positionX>
      <positionY>214</positionY>
      <inhibitTransfer>false</inhibitTransfer>
      <stateType>1</stateType>
      <bpmnType>120</bpmnType>
      <digitalSignature>false</digitalSignature>
      <signalId>0</signalId>
      <openInstances>0</openInstances>
      <destinationStates/>
    </ProcessState>
    <ProcessState>
      <processStatePK>
        <companyId>1</companyId>
        <processId>abertura_solicitacao_entrada_de_notas</processId>
        <version>53</version>
        <sequence>46</sequence>
      </processStatePK>
      <stateName>Aprova ?</stateName>
      <stateDescription>Aprova ?</stateDescription>
      <joint>false</joint>
      <selectColleague>1</selectColleague>
      <initialState>false</initialState>
      <transferAttachments>false</transferAttachments>
      <subProcessId></subProcessId>
      <formFolder>0</formFolder>
      <automatic>true</automatic>
      <positionX>77</positionX>
      <positionY>140</positionY>
      <inhibitTransfer>false</inhibitTransfer>
      <stateType>1</stateType>
      <bpmnType>120</bpmnType>
      <digitalSignature>false</digitalSignature>
      <signalId>0</signalId>
      <openInstances>0</openInstances>
      <destinationStates/>
    </ProcessState>
  </list>
  <list>
    <ConditionProcessState>
      <conditionProcessStatePK>
        <companyId>1</companyId>
        <processId>abertura_solicitacao_entrada_de_notas</processId>
        <version>53</version>
        <sequence>6</sequence>
        <expressionOrder>3</expressionOrder>
      </conditionProcessStatePK>
      <condition>hAPI.getCardValue(&quot;revisaoSolicita&quot;) ==&quot;Não&quot; &amp;&amp; hAPI.getCardValue(&quot;despesaReceita&quot;) == &quot;Sim&quot;</condition>
      <destinationSequenceId>18</destinationSequenceId>
      <conditionType>0</conditionType>
    </ConditionProcessState>
    <ConditionProcessState>
      <conditionProcessStatePK>
        <companyId>1</companyId>
        <processId>abertura_solicitacao_entrada_de_notas</processId>
        <version>53</version>
        <sequence>6</sequence>
        <expressionOrder>4</expressionOrder>
      </conditionProcessStatePK>
      <condition>false</condition>
      <destinationSequenceId>8</destinationSequenceId>
      <conditionType>1</conditionType>
    </ConditionProcessState>
    <ConditionProcessState>
      <conditionProcessStatePK>
        <companyId>1</companyId>
        <processId>abertura_solicitacao_entrada_de_notas</processId>
        <version>53</version>
        <sequence>6</sequence>
        <expressionOrder>5</expressionOrder>
      </conditionProcessStatePK>
      <condition>hAPI.getCardValue(&quot;revisaoSolicita&quot;) ==&quot;Não&quot; &amp;&amp; hAPI.getCardValue(&quot;despesaReceita&quot;) == &quot;Não&quot;</condition>
      <destinationSequenceId>11</destinationSequenceId>
      <conditionType>0</conditionType>
    </ConditionProcessState>
    <ConditionProcessState>
      <conditionProcessStatePK>
        <companyId>1</companyId>
        <processId>abertura_solicitacao_entrada_de_notas</processId>
        <version>53</version>
        <sequence>21</sequence>
        <expressionOrder>3</expressionOrder>
      </conditionProcessStatePK>
      <condition>false</condition>
      <engineAllocationId>Pool Papel</engineAllocationId>
      <destinationSequenceId>24</destinationSequenceId>
      <engineAllocationConfiguration>&lt;AssignmentController&gt;&lt;Role&gt;tratativa_entrada_de_notas&lt;/Role&gt;&lt;/AssignmentController&gt;</engineAllocationConfiguration>
      <conditionType>1</conditionType>
    </ConditionProcessState>
    <ConditionProcessState>
      <conditionProcessStatePK>
        <companyId>1</companyId>
        <processId>abertura_solicitacao_entrada_de_notas</processId>
        <version>53</version>
        <sequence>21</sequence>
        <expressionOrder>4</expressionOrder>
      </conditionProcessStatePK>
      <condition>false</condition>
      <engineAllocationId>Pool Papel</engineAllocationId>
      <destinationSequenceId>20</destinationSequenceId>
      <engineAllocationConfiguration>&lt;AssignmentController&gt;&lt;Role&gt;tratativa_despesas&lt;/Role&gt;&lt;/AssignmentController&gt;</engineAllocationConfiguration>
      <conditionType>1</conditionType>
    </ConditionProcessState>
    <ConditionProcessState>
      <conditionProcessStatePK>
        <companyId>1</companyId>
        <processId>abertura_solicitacao_entrada_de_notas</processId>
        <version>53</version>
        <sequence>31</sequence>
        <expressionOrder>1</expressionOrder>
      </conditionProcessStatePK>
      <condition>false</condition>
      <destinationSequenceId>46</destinationSequenceId>
      <conditionType>1</conditionType>
    </ConditionProcessState>
    <ConditionProcessState>
      <conditionProcessStatePK>
        <companyId>1</companyId>
        <processId>abertura_solicitacao_entrada_de_notas</processId>
        <version>53</version>
        <sequence>31</sequence>
        <expressionOrder>2</expressionOrder>
      </conditionProcessStatePK>
      <condition>false</condition>
      <destinationSequenceId>27</destinationSequenceId>
      <conditionType>1</conditionType>
    </ConditionProcessState>
    <ConditionProcessState>
      <conditionProcessStatePK>
        <companyId>1</companyId>
        <processId>abertura_solicitacao_entrada_de_notas</processId>
        <version>53</version>
        <sequence>40</sequence>
        <expressionOrder>1</expressionOrder>
      </conditionProcessStatePK>
      <condition>false</condition>
      <destinationSequenceId>4</destinationSequenceId>
      <conditionType>1</conditionType>
    </ConditionProcessState>
    <ConditionProcessState>
      <conditionProcessStatePK>
        <companyId>1</companyId>
        <processId>abertura_solicitacao_entrada_de_notas</processId>
        <version>53</version>
        <sequence>40</sequence>
        <expressionOrder>2</expressionOrder>
      </conditionProcessStatePK>
      <condition>false</condition>
      <destinationSequenceId>8</destinationSequenceId>
      <conditionType>1</conditionType>
    </ConditionProcessState>
    <ConditionProcessState>
      <conditionProcessStatePK>
        <companyId>1</companyId>
        <processId>abertura_solicitacao_entrada_de_notas</processId>
        <version>53</version>
        <sequence>46</sequence>
        <expressionOrder>1</expressionOrder>
      </conditionProcessStatePK>
      <condition>false</condition>
      <destinationSequenceId>37</destinationSequenceId>
      <conditionType>1</conditionType>
    </ConditionProcessState>
    <ConditionProcessState>
      <conditionProcessStatePK>
        <companyId>1</companyId>
        <processId>abertura_solicitacao_entrada_de_notas</processId>
        <version>53</version>
        <sequence>46</sequence>
        <expressionOrder>2</expressionOrder>
      </conditionProcessStatePK>
      <condition>false</condition>
      <destinationSequenceId>4</destinationSequenceId>
      <conditionType>1</conditionType>
    </ConditionProcessState>
  </list>
  <list>
    <ProcessLink>
      <processLinkPK>
        <companyId>1</companyId>
        <processId>abertura_solicitacao_entrada_de_notas</processId>
        <version>53</version>
        <linkSequence>7</linkSequence>
      </processLinkPK>
      <actionLabel></actionLabel>
      <returnPermited>false</returnPermited>
      <initialStateSequence>4</initialStateSequence>
      <finalStateSequence>6</finalStateSequence>
      <returnLabel></returnLabel>
      <automaticLink>false</automaticLink>
      <defaultLink>false</defaultLink>
      <type>0</type>
      <name></name>
      <movementTitle></movementTitle>
      <movementDescription></movementDescription>
      <movementAccessLinkDescription></movementAccessLinkDescription>
    </ProcessLink>
    <ProcessLink>
      <processLinkPK>
        <companyId>1</companyId>
        <processId>abertura_solicitacao_entrada_de_notas</processId>
        <version>53</version>
        <linkSequence>9</linkSequence>
      </processLinkPK>
      <actionLabel></actionLabel>
      <returnPermited>false</returnPermited>
      <initialStateSequence>6</initialStateSequence>
      <finalStateSequence>8</finalStateSequence>
      <returnLabel></returnLabel>
      <automaticLink>false</automaticLink>
      <defaultLink>false</defaultLink>
      <type>0</type>
      <name></name>
      <movementTitle></movementTitle>
      <movementDescription></movementDescription>
      <movementAccessLinkDescription></movementAccessLinkDescription>
    </ProcessLink>
    <ProcessLink>
      <processLinkPK>
        <companyId>1</companyId>
        <processId>abertura_solicitacao_entrada_de_notas</processId>
        <version>53</version>
        <linkSequence>12</linkSequence>
      </processLinkPK>
      <actionLabel></actionLabel>
      <returnPermited>false</returnPermited>
      <initialStateSequence>6</initialStateSequence>
      <finalStateSequence>11</finalStateSequence>
      <returnLabel></returnLabel>
      <automaticLink>false</automaticLink>
      <defaultLink>false</defaultLink>
      <type>0</type>
      <name></name>
      <movementTitle></movementTitle>
      <movementDescription></movementDescription>
      <movementAccessLinkDescription></movementAccessLinkDescription>
    </ProcessLink>
    <ProcessLink>
      <processLinkPK>
        <companyId>1</companyId>
        <processId>abertura_solicitacao_entrada_de_notas</processId>
        <version>53</version>
        <linkSequence>19</linkSequence>
      </processLinkPK>
      <actionLabel></actionLabel>
      <returnPermited>false</returnPermited>
      <initialStateSequence>6</initialStateSequence>
      <finalStateSequence>18</finalStateSequence>
      <returnLabel></returnLabel>
      <automaticLink>false</automaticLink>
      <defaultLink>false</defaultLink>
      <type>0</type>
      <name></name>
      <movementTitle></movementTitle>
      <movementDescription></movementDescription>
      <movementAccessLinkDescription></movementAccessLinkDescription>
    </ProcessLink>
    <ProcessLink>
      <processLinkPK>
        <companyId>1</companyId>
        <processId>abertura_solicitacao_entrada_de_notas</processId>
        <version>53</version>
        <linkSequence>22</linkSequence>
      </processLinkPK>
      <actionLabel></actionLabel>
      <returnPermited>false</returnPermited>
      <initialStateSequence>18</initialStateSequence>
      <finalStateSequence>21</finalStateSequence>
      <returnLabel></returnLabel>
      <automaticLink>false</automaticLink>
      <defaultLink>false</defaultLink>
      <type>0</type>
      <name></name>
      <movementTitle></movementTitle>
      <movementDescription></movementDescription>
      <movementAccessLinkDescription></movementAccessLinkDescription>
    </ProcessLink>
    <ProcessLink>
      <processLinkPK>
        <companyId>1</companyId>
        <processId>abertura_solicitacao_entrada_de_notas</processId>
        <version>53</version>
        <linkSequence>23</linkSequence>
      </processLinkPK>
      <actionLabel></actionLabel>
      <returnPermited>false</returnPermited>
      <initialStateSequence>21</initialStateSequence>
      <finalStateSequence>20</finalStateSequence>
      <returnLabel></returnLabel>
      <automaticLink>false</automaticLink>
      <defaultLink>false</defaultLink>
      <type>0</type>
      <name></name>
      <movementTitle></movementTitle>
      <movementDescription></movementDescription>
      <movementAccessLinkDescription></movementAccessLinkDescription>
    </ProcessLink>
    <ProcessLink>
      <processLinkPK>
        <companyId>1</companyId>
        <processId>abertura_solicitacao_entrada_de_notas</processId>
        <version>53</version>
        <linkSequence>25</linkSequence>
      </processLinkPK>
      <actionLabel></actionLabel>
      <returnPermited>false</returnPermited>
      <initialStateSequence>21</initialStateSequence>
      <finalStateSequence>24</finalStateSequence>
      <returnLabel></returnLabel>
      <automaticLink>false</automaticLink>
      <defaultLink>false</defaultLink>
      <type>0</type>
      <name></name>
      <movementTitle></movementTitle>
      <movementDescription></movementDescription>
      <movementAccessLinkDescription></movementAccessLinkDescription>
    </ProcessLink>
    <ProcessLink>
      <processLinkPK>
        <companyId>1</companyId>
        <processId>abertura_solicitacao_entrada_de_notas</processId>
        <version>53</version>
        <linkSequence>26</linkSequence>
      </processLinkPK>
      <actionLabel></actionLabel>
      <returnPermited>false</returnPermited>
      <initialStateSequence>24</initialStateSequence>
      <finalStateSequence>18</finalStateSequence>
      <returnLabel></returnLabel>
      <automaticLink>false</automaticLink>
      <defaultLink>false</defaultLink>
      <type>0</type>
      <name></name>
      <movementTitle></movementTitle>
      <movementDescription></movementDescription>
      <movementAccessLinkDescription></movementAccessLinkDescription>
    </ProcessLink>
    <ProcessLink>
      <processLinkPK>
        <companyId>1</companyId>
        <processId>abertura_solicitacao_entrada_de_notas</processId>
        <version>53</version>
        <linkSequence>32</linkSequence>
      </processLinkPK>
      <actionLabel></actionLabel>
      <returnPermited>false</returnPermited>
      <initialStateSequence>3</initialStateSequence>
      <finalStateSequence>31</finalStateSequence>
      <returnLabel></returnLabel>
      <automaticLink>false</automaticLink>
      <defaultLink>false</defaultLink>
      <type>0</type>
      <name></name>
    </ProcessLink>
    <ProcessLink>
      <processLinkPK>
        <companyId>1</companyId>
        <processId>abertura_solicitacao_entrada_de_notas</processId>
        <version>53</version>
        <linkSequence>33</linkSequence>
      </processLinkPK>
      <actionLabel>Sim</actionLabel>
      <returnPermited>false</returnPermited>
      <initialStateSequence>31</initialStateSequence>
      <finalStateSequence>27</finalStateSequence>
      <returnLabel></returnLabel>
      <automaticLink>false</automaticLink>
      <defaultLink>false</defaultLink>
      <type>0</type>
      <name></name>
    </ProcessLink>
    <ProcessLink>
      <processLinkPK>
        <companyId>1</companyId>
        <processId>abertura_solicitacao_entrada_de_notas</processId>
        <version>53</version>
        <linkSequence>41</linkSequence>
      </processLinkPK>
      <actionLabel></actionLabel>
      <returnPermited>false</returnPermited>
      <initialStateSequence>37</initialStateSequence>
      <finalStateSequence>40</finalStateSequence>
      <returnLabel></returnLabel>
      <automaticLink>false</automaticLink>
      <defaultLink>false</defaultLink>
      <type>0</type>
      <name></name>
    </ProcessLink>
    <ProcessLink>
      <processLinkPK>
        <companyId>1</companyId>
        <processId>abertura_solicitacao_entrada_de_notas</processId>
        <version>53</version>
        <linkSequence>42</linkSequence>
      </processLinkPK>
      <actionLabel></actionLabel>
      <returnPermited>false</returnPermited>
      <initialStateSequence>40</initialStateSequence>
      <finalStateSequence>4</finalStateSequence>
      <returnLabel></returnLabel>
      <automaticLink>false</automaticLink>
      <defaultLink>false</defaultLink>
      <type>0</type>
      <name></name>
    </ProcessLink>
    <ProcessLink>
      <processLinkPK>
        <companyId>1</companyId>
        <processId>abertura_solicitacao_entrada_de_notas</processId>
        <version>53</version>
        <linkSequence>45</linkSequence>
      </processLinkPK>
      <actionLabel></actionLabel>
      <returnPermited>false</returnPermited>
      <initialStateSequence>40</initialStateSequence>
      <finalStateSequence>8</finalStateSequence>
      <returnLabel></returnLabel>
      <automaticLink>false</automaticLink>
      <defaultLink>false</defaultLink>
      <type>0</type>
      <name></name>
    </ProcessLink>
    <ProcessLink>
      <processLinkPK>
        <companyId>1</companyId>
        <processId>abertura_solicitacao_entrada_de_notas</processId>
        <version>53</version>
        <linkSequence>47</linkSequence>
      </processLinkPK>
      <actionLabel></actionLabel>
      <returnPermited>false</returnPermited>
      <initialStateSequence>27</initialStateSequence>
      <finalStateSequence>46</finalStateSequence>
      <returnLabel></returnLabel>
      <automaticLink>true</automaticLink>
      <defaultLink>false</defaultLink>
      <type>0</type>
      <name></name>
    </ProcessLink>
    <ProcessLink>
      <processLinkPK>
        <companyId>1</companyId>
        <processId>abertura_solicitacao_entrada_de_notas</processId>
        <version>53</version>
        <linkSequence>48</linkSequence>
      </processLinkPK>
      <actionLabel></actionLabel>
      <returnPermited>false</returnPermited>
      <initialStateSequence>31</initialStateSequence>
      <finalStateSequence>46</finalStateSequence>
      <returnLabel></returnLabel>
      <automaticLink>false</automaticLink>
      <defaultLink>false</defaultLink>
      <type>0</type>
      <name></name>
    </ProcessLink>
    <ProcessLink>
      <processLinkPK>
        <companyId>1</companyId>
        <processId>abertura_solicitacao_entrada_de_notas</processId>
        <version>53</version>
        <linkSequence>49</linkSequence>
      </processLinkPK>
      <actionLabel></actionLabel>
      <returnPermited>false</returnPermited>
      <initialStateSequence>46</initialStateSequence>
      <finalStateSequence>37</finalStateSequence>
      <returnLabel></returnLabel>
      <automaticLink>false</automaticLink>
      <defaultLink>false</defaultLink>
      <type>0</type>
      <name></name>
    </ProcessLink>
    <ProcessLink>
      <processLinkPK>
        <companyId>1</companyId>
        <processId>abertura_solicitacao_entrada_de_notas</processId>
        <version>53</version>
        <linkSequence>50</linkSequence>
      </processLinkPK>
      <actionLabel></actionLabel>
      <returnPermited>false</returnPermited>
      <initialStateSequence>46</initialStateSequence>
      <finalStateSequence>4</finalStateSequence>
      <returnLabel></returnLabel>
      <automaticLink>false</automaticLink>
      <defaultLink>false</defaultLink>
      <type>0</type>
      <name></name>
    </ProcessLink>
    <ProcessLink>
      <processLinkPK>
        <companyId>1</companyId>
        <processId>abertura_solicitacao_entrada_de_notas</processId>
        <version>53</version>
        <linkSequence>51</linkSequence>
      </processLinkPK>
      <actionLabel></actionLabel>
      <returnPermited>false</returnPermited>
      <initialStateSequence>8</initialStateSequence>
      <finalStateSequence>46</finalStateSequence>
      <returnLabel></returnLabel>
      <automaticLink>false</automaticLink>
      <defaultLink>false</defaultLink>
      <type>0</type>
      <name></name>
    </ProcessLink>
    <ProcessLink>
      <processLinkPK>
        <companyId>1</companyId>
        <processId>abertura_solicitacao_entrada_de_notas</processId>
        <version>53</version>
        <linkSequence>52</linkSequence>
      </processLinkPK>
      <actionLabel></actionLabel>
      <returnPermited>false</returnPermited>
      <initialStateSequence>27</initialStateSequence>
      <finalStateSequence>46</finalStateSequence>
      <returnLabel></returnLabel>
      <automaticLink>false</automaticLink>
      <defaultLink>false</defaultLink>
      <type>0</type>
      <name></name>
    </ProcessLink>
  </list>
  <list/>
  <list>
    <WorkflowProcessEvent>
      <workflowProcessEventPK>
        <companyId>1</companyId>
        <processId>abertura_solicitacao_entrada_de_notas</processId>
        <version>53</version>
        <eventId>afterProcessCreate</eventId>
      </workflowProcessEventPK>
      <eventDescription>function afterProcessCreate(processId){&#xd;
	hAPI.setCardValue(&apos;numSolicitacao&apos;, processId);&#xd;
	hAPI.setCardValue(&apos;numeroSolicitacao&apos;, processId);&#xd;
&#xd;
	var proxAtividade = getValue(&quot;WKNextState&quot;)&#xd;
	var nSolicitacao = getValue(&quot;WKNumProces&quot;);&#xd;
	nSolicitacao = nSolicitacao.toString();&#xd;
	///nSolicitacao = nSolicitacao.replace(/./g, &quot;&quot;);&#xd;
	if (proxAtividade == 27) &#xd;
	{&#xd;
		var data = new Date();&#xd;
		var dataParamsEmail = &#xd;
		{ &#xd;
			usuario 	: hAPI.getCardValue(&quot;nomeSolicitante&quot;),&#xd;
			unidade     : hAPI.getCardValue(&quot;unidade&quot;),&#xd;
			segmento    : hAPI.getCardValue(&quot;segmento&quot;),&#xd;
			assunto     : hAPI.getCardValue(&quot;assunto&quot;),&#xd;
			processo    : &quot;Ab. Solicitação - Entrada de Notas&quot;,&#xd;
			atividade   : &quot;Abertura de Solicitação&quot;,&#xd;
			matriculaUserEmail  : hAPI.getCardValue(&quot;cTask013&quot;)&#xd;
		}&#xd;
		/// Get Dataset para uma variavel;&#xd;
		var parametros = new java.util.HashMap();&#xd;
		parametros.put(&quot;USUARIO&quot;, dataParamsEmail.usuario);&#xd;
&#xd;
		parametros.put(&quot;lbl_EMPRESA&quot;, &quot;Unidade&quot;);&#xd;
		parametros.put(&quot;EMPRESA&quot;, dataParamsEmail.unidade);&#xd;
&#xd;
		parametros.put(&quot;lbl_FILIAL&quot;, &quot;Segmento&quot;);&#xd;
		parametros.put(&quot;FILIAL&quot;, dataParamsEmail.segmento);&#xd;
&#xd;
		parametros.put(&quot;lbl_CENTRO_CUSTO&quot;, &quot;Assunto&quot;);&#xd;
		parametros.put(&quot;CENTRO_CUSTO&quot;, dataParamsEmail.assunto);&#xd;
&#xd;
		parametros.put(&quot;lbl_PROCESSO&quot;, &quot;Processo&quot;);&#xd;
		parametros.put(&quot;PROCESSO&quot;, dataParamsEmail.processo);&#xd;
&#xd;
		parametros.put(&quot;lbl_ATIVIDADE&quot;, &quot;Atividade&quot;);&#xd;
		parametros.put(&quot;ATIVIDADE&quot;, dataParamsEmail.atividade);&#xd;
&#xd;
		parametros.put(&quot;lbl_RESPONSAVEL&quot;, &quot;Responsável&quot;);&#xd;
		parametros.put(&quot;RESPONSAVEL&quot;, dataParamsEmail.usuario);&#xd;
&#xd;
		parametros.put(&quot;lbl_DATAEXPIRADO&quot;, &quot;Data Solicitação&quot;);&#xd;
		parametros.put(&quot;DATAEXPIRADO&quot;, data.toString());&#xd;
&#xd;
		parametros.put(&quot;lbl_SOLICITACAO&quot;, &quot;Solicitação&quot;);&#xd;
		parametros.put(&quot;SOLICITACAO&quot;, nSolicitacao);&#xd;
		&#xd;
		parametros.put(&quot;Destino&quot;, &quot;Notificação&quot;);&#xd;
&#xd;
		///Este parâmetro é obrigatório é o assunto do e-mail&#xd;
		parametros.put(&quot;subject&quot;, &quot;Abertura de Solicitação do colaborador &quot;+dataParamsEmail.usuario);&#xd;
&#xd;
		console.log(&quot;afterProcessCreate_057&quot;);&#xd;
		///Aqui gerar um array para os destinatários&#xd;
		parametros.put(&quot;USUARIO&quot;, dataParamsEmail.usuario);&#xd;
		var destinatarios = new java.util.ArrayList();&#xd;
&#xd;
		var constraint = DatasetFactory.createConstraint(&quot;colleaguePK.colleagueId&quot;, dataParamsEmail.matriculaUserEmail, dataParamsEmail.matriculaUserEmail, ConstraintType.MUST)&#xd;
		var getDataset = DatasetFactory.getDataset(&quot;colleague&quot;, null, [constraint], null)&#xd;
&#xd;
		var email = &quot;&quot;&#xd;
&#xd;
		if (getDataset.rowsCount &gt; 0) &#xd;
		{&#xd;
			email = getDataset.getValue(0, &quot;mail&quot;)&#xd;
		}&#xd;
		destinatarios.add(email);&#xd;
		destinatarios.add(&quot;agcoimbra@gmail.com&quot;);&#xd;
		///notifier.notify(&quot;admin&quot;, &apos;Aviso_000&apos;, parametros, destinatarios, &quot;text/html&quot;);&#xd;
		notifier.notify(&quot;admin&quot;, &quot;Aviso_001&quot;, parametros, destinatarios, &quot;text/html&quot;);&#xd;
	}&#xd;
}&#xd;
</eventDescription>
    </WorkflowProcessEvent>
    <WorkflowProcessEvent>
      <workflowProcessEventPK>
        <companyId>1</companyId>
        <processId>abertura_solicitacao_entrada_de_notas</processId>
        <version>53</version>
        <eventId>beforeSendData</eventId>
      </workflowProcessEventPK>
      <eventDescription>function beforeSendData(customField, customFact) {

    customField[0] = hAPI.getCardValue(&quot;nomeSolicitante&quot;);

    customField[1] = hAPI.getCardValue(&quot;unidade&quot;);

    customField[2] = hAPI.getCardValue(&quot;contato&quot;);

    customField[3] = hAPI.getCardValue(&quot;assunto&quot;);

    customField[4] = hAPI.getCardValue(&quot;categoria&quot;);

    customField[5] = hAPI.getCardValue(&quot;mensagem&quot;);

    customField[6] = hAPI.getCardValue(&quot;revisaoSolicita&quot;);

    customField[7] = hAPI.getCardValue(&quot;mensagemTratati&quot;);

    customField[8] = hAPI.getCardValue(&quot;atendenteDespes&quot;);

    customField[9] = hAPI.getCardValue(&quot;segmento&quot;);

    customField[10] = hAPI.getCardValue(&quot;atendente&quot;);

    customField[11] = hAPI.getCardValue(&quot;mensagemDespesa&quot;);
}
</eventDescription>
    </WorkflowProcessEvent>
  </list>
  <list/>
  <list>
    <SwimLane>
      <swimLanePK>
        <companyId>1</companyId>
        <processId>abertura_solicitacao_entrada_de_notas</processId>
        <version>53</version>
        <sequence>1</sequence>
      </swimLanePK>
      <stateName>Ab. Solicitação - Entrada de Notas</stateName>
      <positionX>0</positionX>
      <positionY>0</positionY>
      <color>FFFFFF</color>
      <height>700</height>
      <width>911</width>
      <type>1</type>
      <parentSequence>0</parentSequence>
    </SwimLane>
    <SwimLane>
      <swimLanePK>
        <companyId>1</companyId>
        <processId>abertura_solicitacao_entrada_de_notas</processId>
        <version>53</version>
        <sequence>2</sequence>
      </swimLanePK>
      <stateName>Despesas</stateName>
      <positionX>30</positionX>
      <positionY>0</positionY>
      <color>adc9ac</color>
      <height>175</height>
      <width>881</width>
      <type>2</type>
      <parentSequence>1</parentSequence>
    </SwimLane>
    <SwimLane>
      <swimLanePK>
        <companyId>1</companyId>
        <processId>abertura_solicitacao_entrada_de_notas</processId>
        <version>53</version>
        <sequence>3</sequence>
      </swimLanePK>
      <stateName>Entrada de notas</stateName>
      <positionX>30</positionX>
      <positionY>350</positionY>
      <color>82b0b7</color>
      <height>175</height>
      <width>881</width>
      <type>2</type>
      <parentSequence>1</parentSequence>
    </SwimLane>
    <SwimLane>
      <swimLanePK>
        <companyId>1</companyId>
        <processId>abertura_solicitacao_entrada_de_notas</processId>
        <version>53</version>
        <sequence>4</sequence>
      </swimLanePK>
      <stateName>Solicitante</stateName>
      <positionX>30</positionX>
      <positionY>525</positionY>
      <color>9fc1c6</color>
      <height>175</height>
      <width>881</width>
      <type>2</type>
      <parentSequence>1</parentSequence>
    </SwimLane>
    <SwimLane>
      <swimLanePK>
        <companyId>1</companyId>
        <processId>abertura_solicitacao_entrada_de_notas</processId>
        <version>53</version>
        <sequence>5</sequence>
      </swimLanePK>
      <stateName>Gestão Logística</stateName>
      <positionX>30</positionX>
      <positionY>175</positionY>
      <color>d0daae</color>
      <height>175</height>
      <width>881</width>
      <type>2</type>
      <parentSequence>1</parentSequence>
    </SwimLane>
  </list>
  <list/>
  <list/>
  <list>
    <ProcessLinkBend>
      <processLinkBendPK>
        <companyId>1</companyId>
        <processId>abertura_solicitacao_entrada_de_notas</processId>
        <version>53</version>
        <linkSequence>47</linkSequence>
        <bendSequence>1</bendSequence>
      </processLinkBendPK>
      <positionX>236</positionX>
      <positionY>156</positionY>
    </ProcessLinkBend>
    <ProcessLinkBend>
      <processLinkBendPK>
        <companyId>1</companyId>
        <processId>abertura_solicitacao_entrada_de_notas</processId>
        <version>53</version>
        <linkSequence>50</linkSequence>
        <bendSequence>1</bendSequence>
      </processLinkBendPK>
      <positionX>106</positionX>
      <positionY>424</positionY>
    </ProcessLinkBend>
  </list>
  <list/>
  <list/>
  <list>
    <ProcessFormField>
      <processFormFieldPK>
        <companyId>1</companyId>
        <processId>abertura_solicitacao_entrada_de_notas</processId>
        <fieldId>assunto</fieldId>
      </processFormFieldPK>
      <fieldDescription>Assunto</fieldDescription>
      <slotId>1</slotId>
    </ProcessFormField>
    <ProcessFormField>
      <processFormFieldPK>
        <companyId>1</companyId>
        <processId>abertura_solicitacao_entrada_de_notas</processId>
        <fieldId>atendente</fieldId>
      </processFormFieldPK>
      <fieldDescription>Atendente</fieldDescription>
      <slotId>3</slotId>
    </ProcessFormField>
    <ProcessFormField>
      <processFormFieldPK>
        <companyId>1</companyId>
        <processId>abertura_solicitacao_entrada_de_notas</processId>
        <fieldId>atendenteDespes</fieldId>
      </processFormFieldPK>
      <fieldDescription>Atendente Despesas</fieldDescription>
      <slotId>6</slotId>
    </ProcessFormField>
    <ProcessFormField>
      <processFormFieldPK>
        <companyId>1</companyId>
        <processId>abertura_solicitacao_entrada_de_notas</processId>
        <fieldId>categoria</fieldId>
      </processFormFieldPK>
      <fieldDescription>Categoria</fieldDescription>
      <slotId>2</slotId>
    </ProcessFormField>
    <ProcessFormField>
      <processFormFieldPK>
        <companyId>1</companyId>
        <processId>abertura_solicitacao_entrada_de_notas</processId>
        <fieldId>nomeSolicitante</fieldId>
      </processFormFieldPK>
      <fieldDescription>Solicitante</fieldDescription>
      <slotId>7</slotId>
    </ProcessFormField>
    <ProcessFormField>
      <processFormFieldPK>
        <companyId>1</companyId>
        <processId>abertura_solicitacao_entrada_de_notas</processId>
        <fieldId>segmento</fieldId>
      </processFormFieldPK>
      <fieldDescription>Segmento</fieldDescription>
      <slotId>4</slotId>
    </ProcessFormField>
    <ProcessFormField>
      <processFormFieldPK>
        <companyId>1</companyId>
        <processId>abertura_solicitacao_entrada_de_notas</processId>
        <fieldId>unidade</fieldId>
      </processFormFieldPK>
      <fieldDescription>Unidade</fieldDescription>
      <slotId>5</slotId>
    </ProcessFormField>
  </list>
  <list/>
  <list/>
  <list/>
  <list/>
  <list>
    <ConditionProcessAutomaticRules>
      <id>53341</id>
      <tenantId>1</tenantId>
      <processId>abertura_solicitacao_entrada_de_notas</processId>
      <version>53</version>
      <sequence>6</sequence>
      <expressionOrder>4</expressionOrder>
      <ruleOrder>1</ruleOrder>
      <field>revisaoSolicita</field>
      <value>Sim</value>
      <operator>1</operator>
      <valueType>1</valueType>
    </ConditionProcessAutomaticRules>
    <ConditionProcessAutomaticRules>
      <id>53342</id>
      <tenantId>1</tenantId>
      <processId>abertura_solicitacao_entrada_de_notas</processId>
      <version>53</version>
      <sequence>21</sequence>
      <expressionOrder>3</expressionOrder>
      <ruleOrder>1</ruleOrder>
      <field>revisaoEntrada</field>
      <value>3</value>
      <operator>1</operator>
      <valueType>1</valueType>
    </ConditionProcessAutomaticRules>
    <ConditionProcessAutomaticRules>
      <id>53343</id>
      <tenantId>1</tenantId>
      <processId>abertura_solicitacao_entrada_de_notas</processId>
      <version>53</version>
      <sequence>21</sequence>
      <expressionOrder>4</expressionOrder>
      <ruleOrder>1</ruleOrder>
      <field>revisaoEntrada</field>
      <value>2</value>
      <operator>1</operator>
      <valueType>1</valueType>
    </ConditionProcessAutomaticRules>
    <ConditionProcessAutomaticRules>
      <id>53344</id>
      <tenantId>1</tenantId>
      <processId>abertura_solicitacao_entrada_de_notas</processId>
      <version>53</version>
      <sequence>31</sequence>
      <expressionOrder>1</expressionOrder>
      <ruleOrder>1</ruleOrder>
      <field>cTask027</field>
      <value></value>
      <operator>0</operator>
      <valueType>0</valueType>
    </ConditionProcessAutomaticRules>
    <ConditionProcessAutomaticRules>
      <id>53345</id>
      <tenantId>1</tenantId>
      <processId>abertura_solicitacao_entrada_de_notas</processId>
      <version>53</version>
      <sequence>31</sequence>
      <expressionOrder>2</expressionOrder>
      <ruleOrder>1</ruleOrder>
      <field>cTask027</field>
      <value></value>
      <operator>9</operator>
      <valueType>0</valueType>
    </ConditionProcessAutomaticRules>
    <ConditionProcessAutomaticRules>
      <id>53346</id>
      <tenantId>1</tenantId>
      <processId>abertura_solicitacao_entrada_de_notas</processId>
      <version>53</version>
      <sequence>40</sequence>
      <expressionOrder>1</expressionOrder>
      <ruleOrder>1</ruleOrder>
      <field>gest_logistica_aprovado</field>
      <value>Sim</value>
      <operator>1</operator>
      <valueType>1</valueType>
    </ConditionProcessAutomaticRules>
    <ConditionProcessAutomaticRules>
      <id>53347</id>
      <tenantId>1</tenantId>
      <processId>abertura_solicitacao_entrada_de_notas</processId>
      <version>53</version>
      <sequence>40</sequence>
      <expressionOrder>2</expressionOrder>
      <ruleOrder>1</ruleOrder>
      <field>gest_logistica_aprovado</field>
      <value>Sim</value>
      <operator>2</operator>
      <valueType>1</valueType>
    </ConditionProcessAutomaticRules>
    <ConditionProcessAutomaticRules>
      <id>53348</id>
      <tenantId>1</tenantId>
      <processId>abertura_solicitacao_entrada_de_notas</processId>
      <version>53</version>
      <sequence>46</sequence>
      <expressionOrder>1</expressionOrder>
      <ruleOrder>1</ruleOrder>
      <field>categoria</field>
      <value>Entrada de notas - Rododecio</value>
      <operator>1</operator>
      <valueType>1</valueType>
    </ConditionProcessAutomaticRules>
    <ConditionProcessAutomaticRules>
      <id>53349</id>
      <tenantId>1</tenantId>
      <processId>abertura_solicitacao_entrada_de_notas</processId>
      <version>53</version>
      <sequence>46</sequence>
      <expressionOrder>2</expressionOrder>
      <ruleOrder>1</ruleOrder>
      <field>categoria</field>
      <value>Entrada de notas - Rododecio</value>
      <operator>2</operator>
      <valueType>1</valueType>
    </ConditionProcessAutomaticRules>
  </list>
</list>